ID,Date,Time,Location,Gear,Habitat,Fecund Fem (Y/N),Length (mm)
-60,10/22/13,22:18,Split Rock,Benthic Sled,Benthic,N,14
-59,10/23/13,22:18,Split Rock,Benthic Sled,Benthic,Y,19
-58,10/24/13,22:18,Split Rock,Benthic Sled,Benthic,N,16
-57,10/25/13,22:18,Split Rock,Benthic Sled,Benthic,N,12
-56,10/26/13,22:18,Split Rock,Benthic Sled,Benthic,Y,17
-55,10/27/13,22:18,Split Rock,Benthic Sled,Benthic,N,14
-54,10/28/13,22:18,Split Rock,Benthic Sled,Benthic,N,15
-53,10/29/13,22:18,Split Rock,Benthic Sled,Benthic,N,14
-52,10/30/13,22:18,Split Rock,Benthic Sled,Benthic,N,11
-51,10/31/13,22:18,Split Rock,Benthic Sled,Benthic,N,19
-50,11/1/13,22:18,Split Rock,Benthic Sled,Benthic,N,14
-49,11/2/13,22:18,Split Rock,Benthic Sled,Benthic,N,17
-48,11/3/13,22:18,Split Rock,Benthic Sled,Benthic,Y,17
-47,11/4/13,22:18,Split Rock,Benthic Sled,Benthic,N,12
-46,11/5/13,22:18,Split Rock,Benthic Sled,Benthic,N,14
-45,11/6/13,22:18,Split Rock,Benthic Sled,Benthic,Y,18
-44,11/7/13,22:18,Split Rock,Benthic Sled,Benthic,N,16
-43,11/8/13,22:18,Split Rock,Benthic Sled,Benthic,N,9
-42,11/9/13,22:18,Split Rock,Benthic Sled,Benthic,Y,17
-41,11/10/13,22:18,Split Rock,Benthic Sled,Benthic,Y,21
-40,11/11/13,22:18,Split Rock,Benthic Sled,Benthic,N,12
-39,11/12/13,22:18,Split Rock,Benthic Sled,Benthic,N,13
-38,11/13/13,22:18,Split Rock,Benthic Sled,Benthic,Y,16
-37,11/14/13,22:18,Split Rock,Benthic Sled,Benthic,Y,15
-36,11/15/13,22:18,Split Rock,Benthic Sled,Benthic,N,14
-35,11/16/13,22:18,Split Rock,Benthic Sled,Benthic,Y,20
-34,11/17/13,22:18,Split Rock,Benthic Sled,Benthic,Y,17
-33,11/18/13,22:18,Split Rock,Benthic Sled,Benthic,Y,18
-32,11/19/13,22:18,Split Rock,Benthic Sled,Benthic,Y,16
-31,11/20/13,22:18,Split Rock,Benthic Sled,Benthic,Y,18
-30,10/30/13,14:53,Main Lake North,Benthic Sled,Benthic,N,11
-29,10/30/13,14:53,Main Lake North,Benthic Sled,Benthic,N,15
-28,10/30/13,14:53,Main Lake North,Benthic Sled,Benthic,N,10
-27,10/30/13,14:53,Main Lake North,Benthic Sled,Benthic,N,13
-26,10/30/13,14:53,Main Lake North,Benthic Sled,Benthic,N,12
-25,10/30/13,14:53,Main Lake North,Benthic Sled,Benthic,N,10
-24,10/30/13,14:53,Main Lake North,Benthic Sled,Benthic,N,10
-23,10/30/13,14:53,Main Lake North,Benthic Sled,Benthic,N,14
-22,10/30/13,14:53,Main Lake North,Benthic Sled,Benthic,N,13
-21,10/30/13,14:53,Main Lake North,Benthic Sled,Benthic,N,12
-20,10/30/13,14:53,Main Lake North,Benthic Sled,Benthic,N,11
-19,10/30/13,14:53,Main Lake North,Benthic Sled,Benthic,N,9
-18,10/30/13,14:53,Main Lake North,Benthic Sled,Benthic,N,12
-17,10/30/13,14:53,Main Lake North,Benthic Sled,Benthic,N,15
-16,10/30/13,14:53,Main Lake North,Benthic Sled,Benthic,N,16
-15,10/30/13,14:53,Main Lake North,Benthic Sled,Benthic,N,10
-14,10/30/13,14:53,Main Lake North,Benthic Sled,Benthic,N,12
-13,10/30/13,14:53,Main Lake North,Benthic Sled,Benthic,N,9
-12,10/30/13,14:53,Main Lake North,Benthic Sled,Benthic,N,9
-11,10/30/13,14:53,Main Lake North,Benthic Sled,Benthic,N,11
-10,10/30/13,14:53,Main Lake North,Benthic Sled,Benthic,N,12
-9,10/30/13,14:53,Main Lake North,Benthic Sled,Benthic,N,15
-8,10/30/13,14:53,Main Lake North,Benthic Sled,Benthic,N,10
-7,10/30/13,14:53,Main Lake North,Benthic Sled,Benthic,N,15
-6,10/30/13,14:53,Main Lake North,Benthic Sled,Benthic,N,13
-5,10/30/13,14:53,Main Lake North,Benthic Sled,Benthic,N,9
-4,10/30/13,14:53,Main Lake North,Benthic Sled,Benthic,N,7
-3,10/30/13,14:53,Main Lake North,Benthic Sled,Benthic,N,9
-2,10/30/13,14:53,Main Lake North,Benthic Sled,Benthic,N,10
-1,10/30/13,14:53,Main Lake North,Benthic Sled,Benthic,N,6
1,10/30/13,10:10,Inland Sea,Benthic Sled,Benthic,N,16
2,10/30/13,10:10,Inland Sea,Benthic Sled,Benthic,N,17
3,10/30/13,10:10,Inland Sea,Benthic Sled,Benthic,N,15
4,10/30/13,10:10,Inland Sea,Benthic Sled,Benthic,N,16
5,10/30/13,14:53,Main Lake North,Benthic Sled,Benthic,N,10
6,10/30/13,14:53,Main Lake North,Benthic Sled,Benthic,N,11
7,10/30/13,14:53,Main Lake North,Benthic Sled,Benthic,N,14
8,10/30/13,14:53,Main Lake North,Benthic Sled,Benthic,N,10
9,10/30/13,14:53,Main Lake North,Benthic Sled,Benthic,N,9
10,10/30/13,14:53,Main Lake North,Benthic Sled,Benthic,N,15
11,10/30/13,14:53,Main Lake North,Benthic Sled,Benthic,N,16
12,10/30/13,14:53,Main Lake North,Benthic Sled,Benthic,N,17
13,10/30/13,14:53,Main Lake North,Benthic Sled,Benthic,N,11
14,10/30/13,14:53,Main Lake North,Benthic Sled,Benthic,N,9
15,10/30/13,14:53,Main Lake North,Benthic Sled,Benthic,N,10
16,10/30/13,14:53,Main Lake North,Benthic Sled,Benthic,N,10
17,10/30/13,14:53,Main Lake North,Benthic Sled,Benthic,N,12
18,10/30/13,14:53,Main Lake North,Benthic Sled,Benthic,N,10
19,10/30/13,14:53,Main Lake North,Benthic Sled,Benthic,N,13
20,10/30/13,14:53,Main Lake North,Benthic Sled,Benthic,N,15
21,10/30/13,14:53,Main Lake North,Benthic Sled,Benthic,N,10
22,10/30/13,14:53,Main Lake North,Benthic Sled,Benthic,N,17
23,10/30/13,14:53,Main Lake North,Benthic Sled,Benthic,N,10
24,10/30/13,14:53,Main Lake North,Benthic Sled,Benthic,N,16
25,10/30/13,14:53,Main Lake North,Benthic Sled,Benthic,N,9
26,10/30/13,14:53,Main Lake North,Benthic Sled,Benthic,N,11
27,10/30/13,14:53,Main Lake North,Benthic Sled,Benthic,N,10
28,10/30/13,14:53,Main Lake North,Benthic Sled,Benthic,N,8
29,10/30/13,14:53,Main Lake North,Benthic Sled,Benthic,N,10
30,10/30/13,14:53,Main Lake North,Benthic Sled,Benthic,N,8
31,10/30/13,14:53,Main Lake North,Benthic Sled,Benthic,N,9
32,10/30/13,14:53,Main Lake North,Benthic Sled,Benthic,N,9
33,10/30/13,14:53,Main Lake North,Benthic Sled,Benthic,N,13
34,10/30/13,14:53,Main Lake North,Benthic Sled,Benthic,N,14
35,10/30/13,14:53,Main Lake North,Benthic Sled,Benthic,N,10
36,10/30/13,14:53,Main Lake North,Benthic Sled,Benthic,N,11
37,10/30/13,14:53,Main Lake North,Benthic Sled,Benthic,N,9
38,10/30/13,14:53,Main Lake North,Benthic Sled,Benthic,N,14
39,10/30/13,14:53,Main Lake North,Benthic Sled,Benthic,N,12
40,10/30/13,14:53,Main Lake North,Benthic Sled,Benthic,N,7
41,10/30/13,14:53,Main Lake North,Benthic Sled,Benthic,N,14
42,10/30/13,14:53,Main Lake North,Benthic Sled,Benthic,N,11
43,10/30/13,14:53,Main Lake North,Benthic Sled,Benthic,N,10
44,10/30/13,14:53,Main Lake North,Benthic Sled,Benthic,N,12
45,10/30/13,14:53,Main Lake North,Benthic Sled,Benthic,N,17
46,10/30/13,14:53,Main Lake North,Benthic Sled,Benthic,N,14
47,10/30/13,14:53,Main Lake North,Benthic Sled,Benthic,N,17
48,10/30/13,14:53,Main Lake North,Benthic Sled,Benthic,N,15
49,10/30/13,14:53,Main Lake North,Benthic Sled,Benthic,N,10
50,10/30/13,14:53,Main Lake North,Benthic Sled,Benthic,N,14
51,10/30/13,14:53,Main Lake North,Benthic Sled,Benthic,N,13
52,10/30/13,14:53,Main Lake North,Benthic Sled,Benthic,N,8
53,10/30/13,14:53,Main Lake North,Benthic Sled,Benthic,N,11
54,10/30/13,14:53,Main Lake North,Benthic Sled,Benthic,N,7
55,10/30/13,14:53,Main Lake North,Benthic Sled,Benthic,N,13
56,10/30/13,14:53,Main Lake North,Benthic Sled,Benthic,N,9
57,10/30/13,14:53,Main Lake North,Benthic Sled,Benthic,N,14
58,10/30/13,14:53,Main Lake North,Benthic Sled,Benthic,N,17
59,10/30/13,14:53,Main Lake North,Benthic Sled,Benthic,N,15
60,10/30/13,14:53,Main Lake North,Benthic Sled,Benthic,N,16
61,10/30/13,14:53,Main Lake North,Benthic Sled,Benthic,N,11
62,10/30/13,14:53,Main Lake North,Benthic Sled,Benthic,N,14
63,10/30/13,14:53,Main Lake North,Benthic Sled,Benthic,N,11
64,10/30/13,14:53,Main Lake North,Benthic Sled,Benthic,N,11
65,10/30/13,14:53,Main Lake North,Benthic Sled,Benthic,N,13
66,10/30/13,14:53,Main Lake North,Benthic Sled,Benthic,N,12
67,10/30/13,14:53,Main Lake North,Benthic Sled,Benthic,N,10
68,10/30/13,14:53,Main Lake North,Benthic Sled,Benthic,N,20
69,10/30/13,14:53,Main Lake North,Benthic Sled,Benthic,N,11
70,10/30/13,14:53,Main Lake North,Benthic Sled,Benthic,N,14
71,10/30/13,14:53,Main Lake North,Benthic Sled,Benthic,N,14
72,10/30/13,14:53,Main Lake North,Benthic Sled,Benthic,N,9
73,10/30/13,14:53,Main Lake North,Benthic Sled,Benthic,N,10
74,10/30/13,14:53,Main Lake North,Benthic Sled,Benthic,N,9
75,10/30/13,14:53,Main Lake North,Benthic Sled,Benthic,N,10
76,10/30/13,14:53,Main Lake North,Benthic Sled,Benthic,N,10
77,10/30/13,14:53,Main Lake North,Benthic Sled,Benthic,N,10
78,10/30/13,14:53,Main Lake North,Benthic Sled,Benthic,N,14
79,10/30/13,14:53,Main Lake North,Benthic Sled,Benthic,N,13
80,10/30/13,14:53,Main Lake North,Benthic Sled,Benthic,N,9
81,10/30/13,14:53,Main Lake North,Benthic Sled,Benthic,N,17
82,10/30/13,14:53,Main Lake North,Benthic Sled,Benthic,N,14
83,10/30/13,14:53,Main Lake North,Benthic Sled,Benthic,N,14
84,10/30/13,14:53,Main Lake North,Benthic Sled,Benthic,N,12
85,10/30/13,14:53,Main Lake North,Benthic Sled,Benthic,N,13
86,10/30/13,14:53,Main Lake North,Benthic Sled,Benthic,N,14
87,10/30/13,14:53,Main Lake North,Benthic Sled,Benthic,N,12
88,10/30/13,14:53,Main Lake North,Benthic Sled,Benthic,N,10
89,10/30/13,14:53,Main Lake North,Benthic Sled,Benthic,N,15
90,10/30/13,14:53,Main Lake North,Benthic Sled,Benthic,N,14
91,10/30/13,14:53,Main Lake North,Benthic Sled,Benthic,N,15
92,10/30/13,14:53,Main Lake North,Benthic Sled,Benthic,N,11
93,10/30/13,14:53,Main Lake North,Benthic Sled,Benthic,N,14
94,10/30/13,14:53,Main Lake North,Benthic Sled,Benthic,N,8
95,10/30/13,14:53,Main Lake North,Benthic Sled,Benthic,N,11
96,10/30/13,14:53,Main Lake North,Benthic Sled,Benthic,N,10
97,10/30/13,14:53,Main Lake North,Benthic Sled,Benthic,N,15
98,10/30/13,14:53,Main Lake North,Benthic Sled,Benthic,N,13
99,10/30/13,14:53,Main Lake North,Benthic Sled,Benthic,N,15
100,10/30/13,14:53,Main Lake North,Benthic Sled,Benthic,N,13
101,10/30/13,14:53,Main Lake North,Benthic Sled,Benthic,N,14
102,10/30/13,14:53,Main Lake North,Benthic Sled,Benthic,N,14
103,10/30/13,14:53,Main Lake North,Benthic Sled,Benthic,N,11
104,10/30/13,14:53,Main Lake North,Benthic Sled,Benthic,N,11
105,11/4/13,22:11,Split Rock,Benthic Sled,Benthic,Y,19
106,11/4/13,22:11,Split Rock,Benthic Sled,Benthic,Y,18
107,11/4/13,22:11,Split Rock,Benthic Sled,Benthic,N,16
108,11/4/13,22:11,Split Rock,Benthic Sled,Benthic,N,18
109,11/4/13,22:11,Split Rock,Benthic Sled,Benthic,N,18
110,11/4/13,22:11,Split Rock,Benthic Sled,Benthic,N,19
111,11/4/13,22:11,Split Rock,Benthic Sled,Benthic,N,14
112,11/4/13,22:11,Split Rock,Benthic Sled,Benthic,N,16
113,11/4/13,22:11,Split Rock,Benthic Sled,Benthic,N,14
114,11/4/13,22:11,Split Rock,Benthic Sled,Benthic,N,15
115,11/4/13,22:11,Split Rock,Benthic Sled,Benthic,N,18
116,11/4/13,22:11,Split Rock,Benthic Sled,Benthic,Y,15
117,11/4/13,22:11,Split Rock,Benthic Sled,Benthic,Y,20
118,11/4/13,22:11,Split Rock,Benthic Sled,Benthic,Y,19
119,11/4/13,22:11,Split Rock,Benthic Sled,Benthic,N,9
120,11/4/13,22:11,Split Rock,Benthic Sled,Benthic,N,12
121,11/4/13,22:11,Split Rock,Benthic Sled,Benthic,N,14
122,11/4/13,22:11,Split Rock,Benthic Sled,Benthic,N,16
123,11/4/13,22:11,Split Rock,Benthic Sled,Benthic,N,16
124,11/4/13,22:11,Split Rock,Benthic Sled,Benthic,N,15
125,11/4/13,22:11,Split Rock,Benthic Sled,Benthic,N,7
126,11/4/13,22:11,Split Rock,Benthic Sled,Benthic,N,17
127,11/4/13,22:11,Split Rock,Benthic Sled,Benthic,N,11
128,11/4/13,22:11,Split Rock,Benthic Sled,Benthic,N,10
129,11/4/13,22:11,Split Rock,Benthic Sled,Benthic,N,19
130,11/4/13,22:11,Split Rock,Benthic Sled,Benthic,Y,16
131,11/4/13,22:11,Split Rock,Benthic Sled,Benthic,N,15
132,11/4/13,22:11,Split Rock,Benthic Sled,Benthic,N,18
133,11/4/13,22:11,Split Rock,Benthic Sled,Benthic,N,15
134,11/4/13,22:11,Split Rock,Benthic Sled,Benthic,N,14
135,11/4/13,22:11,Split Rock,Benthic Sled,Benthic,Y,16
136,11/4/13,22:11,Split Rock,Benthic Sled,Benthic,N,13
137,11/4/13,22:11,Split Rock,Benthic Sled,Benthic,Y,17
138,11/4/13,22:11,Split Rock,Benthic Sled,Benthic,N,12
139,11/4/13,22:11,Split Rock,Benthic Sled,Benthic,N,15
140,11/4/13,22:11,Split Rock,Benthic Sled,Benthic,N,15
141,11/4/13,22:11,Split Rock,Benthic Sled,Benthic,N,16
142,11/4/13,22:11,Split Rock,Benthic Sled,Benthic,N,15
143,11/4/13,22:11,Split Rock,Benthic Sled,Benthic,Y,21
144,11/4/13,22:11,Split Rock,Benthic Sled,Benthic,Y,15
145,11/4/13,22:11,Split Rock,Benthic Sled,Benthic,N,15
146,11/4/13,22:11,Split Rock,Benthic Sled,Benthic,N,20
147,11/4/13,22:11,Split Rock,Benthic Sled,Benthic,N,12
148,11/4/13,22:11,Split Rock,Benthic Sled,Benthic,Y,19
149,11/4/13,22:11,Split Rock,Benthic Sled,Benthic,N,12
150,11/4/13,22:11,Split Rock,Benthic Sled,Benthic,N,20
151,11/4/13,22:11,Split Rock,Benthic Sled,Benthic,N,14
152,11/4/13,22:11,Split Rock,Benthic Sled,Benthic,N,15
153,11/4/13,22:11,Split Rock,Benthic Sled,Benthic,N,14
154,11/4/13,22:11,Split Rock,Benthic Sled,Benthic,N,18
155,11/4/13,22:11,Split Rock,Benthic Sled,Benthic,N,12
156,11/4/13,22:11,Split Rock,Benthic Sled,Benthic,N,13
157,11/4/13,22:11,Split Rock,Benthic Sled,Benthic,N,13
158,11/4/13,22:11,Split Rock,Benthic Sled,Benthic,Y,18
159,11/4/13,22:11,Split Rock,Benthic Sled,Benthic,Y,14
160,11/4/13,22:11,Split Rock,Benthic Sled,Benthic,N,14
161,11/4/13,22:11,Split Rock,Benthic Sled,Benthic,N,15
162,11/4/13,22:11,Split Rock,Benthic Sled,Benthic,N,14
163,11/4/13,22:11,Split Rock,Benthic Sled,Benthic,Y,22
164,11/4/13,22:11,Split Rock,Benthic Sled,Benthic,N,16
165,11/4/13,22:11,Split Rock,Benthic Sled,Benthic,N,13
166,11/4/13,22:11,Split Rock,Benthic Sled,Benthic,Y,17
167,11/4/13,22:11,Split Rock,Benthic Sled,Benthic,N,9
168,11/4/13,22:11,Split Rock,Benthic Sled,Benthic,N,14
169,11/4/13,22:11,Split Rock,Benthic Sled,Benthic,N,16
170,11/4/13,22:11,Split Rock,Benthic Sled,Benthic,N,15
171,11/4/13,22:11,Split Rock,Benthic Sled,Benthic,N,15
172,11/4/13,22:11,Split Rock,Benthic Sled,Benthic,Y,20
173,11/4/13,22:11,Split Rock,Benthic Sled,Benthic,N,13
174,11/4/13,22:11,Split Rock,Benthic Sled,Benthic,N,14
175,11/4/13,22:11,Split Rock,Benthic Sled,Benthic,Y,13
176,11/4/13,22:11,Split Rock,Benthic Sled,Benthic,N,12
177,11/4/13,22:11,Split Rock,Benthic Sled,Benthic,N,15
178,11/4/13,22:11,Split Rock,Benthic Sled,Benthic,N,16
179,11/4/13,22:11,Split Rock,Benthic Sled,Benthic,N,13
180,11/4/13,22:11,Split Rock,Benthic Sled,Benthic,N,14
181,11/4/13,22:11,Split Rock,Benthic Sled,Benthic,N,11
182,11/4/13,22:11,Split Rock,Benthic Sled,Benthic,Y,17
183,11/4/13,22:11,Split Rock,Benthic Sled,Benthic,Y,15
184,11/4/13,22:11,Split Rock,Benthic Sled,Benthic,Y,19
185,11/4/13,22:11,Split Rock,Benthic Sled,Benthic,N,16
186,11/4/13,22:11,Split Rock,Benthic Sled,Benthic,N,14
187,11/4/13,22:11,Split Rock,Benthic Sled,Benthic,N,12
188,11/4/13,22:11,Split Rock,Benthic Sled,Benthic,N,13
189,11/4/13,22:11,Split Rock,Benthic Sled,Benthic,N,11
190,11/4/13,22:11,Split Rock,Benthic Sled,Benthic,N,15
191,11/4/13,22:11,Split Rock,Benthic Sled,Benthic,Y,15
192,11/4/13,22:11,Split Rock,Benthic Sled,Benthic,N,13
193,11/4/13,22:11,Split Rock,Benthic Sled,Benthic,Y,20
194,11/4/13,22:11,Split Rock,Benthic Sled,Benthic,N,14
195,11/4/13,22:11,Split Rock,Benthic Sled,Benthic,N,15
196,11/4/13,22:11,Split Rock,Benthic Sled,Benthic,N,6
197,11/4/13,22:11,Split Rock,Benthic Sled,Benthic,N,9
198,11/4/13,22:11,Split Rock,Benthic Sled,Benthic,N,14
199,11/4/13,22:11,Split Rock,Benthic Sled,Benthic,N,14
200,11/4/13,22:11,Split Rock,Benthic Sled,Benthic,Y,15
201,11/4/13,22:11,Split Rock,Benthic Sled,Benthic,N,14
202,11/4/13,22:11,Split Rock,Benthic Sled,Benthic,N,15
203,11/4/13,22:11,Split Rock,Benthic Sled,Benthic,N,16
204,11/4/13,22:11,Split Rock,Benthic Sled,Benthic,N,15
205,11/4/13,0:06,Main Site,Benthic Sled,Benthic,Y,20
206,11/4/13,0:06,Main Site,Benthic Sled,Benthic,Y,20
207,11/4/13,0:06,Main Site,Benthic Sled,Benthic,N,17
208,11/4/13,0:06,Main Site,Benthic Sled,Benthic,Y,20
209,11/4/13,0:06,Main Site,Benthic Sled,Benthic,Y,18
210,11/4/13,0:06,Main Site,Benthic Sled,Benthic,N,19
211,11/4/13,0:06,Main Site,Benthic Sled,Benthic,N,15
212,11/4/13,0:06,Main Site,Benthic Sled,Benthic,N,18
213,11/4/13,0:06,Main Site,Benthic Sled,Benthic,Y,19
214,11/4/13,0:06,Main Site,Benthic Sled,Benthic,N,15
215,11/4/13,0:06,Main Site,Benthic Sled,Benthic,Y,18
216,11/4/13,0:06,Main Site,Benthic Sled,Benthic,N,17
217,11/4/13,0:06,Main Site,Benthic Sled,Benthic,N,15
218,11/4/13,0:06,Main Site,Benthic Sled,Benthic,N,15
219,11/4/13,0:06,Main Site,Benthic Sled,Benthic,N,15
220,11/4/13,0:06,Main Site,Benthic Sled,Benthic,N,15
221,11/4/13,0:06,Main Site,Benthic Sled,Benthic,N,14
222,11/4/13,0:06,Main Site,Benthic Sled,Benthic,N,14
223,11/4/13,0:06,Main Site,Benthic Sled,Benthic,Y,15
224,11/4/13,0:06,Main Site,Benthic Sled,Benthic,N,15
225,11/4/13,0:06,Main Site,Benthic Sled,Benthic,N,15
226,11/4/13,0:06,Main Site,Benthic Sled,Benthic,Y,15
227,11/4/13,0:06,Main Site,Benthic Sled,Benthic,N,17
228,11/4/13,0:06,Main Site,Benthic Sled,Benthic,N,16
229,11/4/13,0:06,Main Site,Benthic Sled,Benthic,N,13
230,11/4/13,0:06,Main Site,Benthic Sled,Benthic,Y,16
231,11/4/13,0:06,Main Site,Benthic Sled,Benthic,N,13
232,11/4/13,0:06,Main Site,Benthic Sled,Benthic,N,15
233,11/4/13,0:06,Main Site,Benthic Sled,Benthic,N,14
234,11/4/13,0:06,Main Site,Benthic Sled,Benthic,N,12
235,11/4/13,0:06,Main Site,Benthic Sled,Benthic,N,14
236,11/4/13,0:06,Main Site,Benthic Sled,Benthic,N,17
237,11/4/13,0:06,Main Site,Benthic Sled,Benthic,N,13
238,11/4/13,0:06,Main Site,Benthic Sled,Benthic,N,14
239,11/4/13,0:06,Main Site,Benthic Sled,Benthic,N,13
240,11/4/13,0:06,Main Site,Benthic Sled,Benthic,N,14
241,11/4/13,0:06,Main Site,Benthic Sled,Benthic,N,12
242,11/4/13,0:06,Main Site,Benthic Sled,Benthic,N,13
243,11/4/13,0:06,Main Site,Benthic Sled,Benthic,N,11
244,11/4/13,0:06,Main Site,Benthic Sled,Benthic,N,13
245,11/4/13,0:06,Main Site,Benthic Sled,Benthic,N,14
246,11/4/13,0:06,Main Site,Benthic Sled,Benthic,N,13
247,11/4/13,0:06,Main Site,Benthic Sled,Benthic,N,14
248,11/4/13,0:06,Main Site,Benthic Sled,Benthic,N,14
249,11/4/13,0:06,Main Site,Benthic Sled,Benthic,Y,19
250,11/4/13,0:06,Main Site,Benthic Sled,Benthic,N,11
251,11/4/13,0:06,Main Site,Benthic Sled,Benthic,N,15
252,11/4/13,0:06,Main Site,Benthic Sled,Benthic,N,14
253,11/4/13,0:06,Main Site,Benthic Sled,Benthic,N,12
254,11/4/13,0:06,Main Site,Benthic Sled,Benthic,N,13
255,11/4/13,0:06,Main Site,Benthic Sled,Benthic,Y,20
256,11/4/13,0:06,Main Site,Benthic Sled,Benthic,Y,18
257,11/4/13,0:06,Main Site,Benthic Sled,Benthic,N,13
258,11/4/13,0:06,Main Site,Benthic Sled,Benthic,N,15
259,11/4/13,0:06,Main Site,Benthic Sled,Benthic,N,15
260,11/4/13,0:06,Main Site,Benthic Sled,Benthic,N,13
261,11/4/13,0:06,Main Site,Benthic Sled,Benthic,Y,14
262,11/4/13,0:06,Main Site,Benthic Sled,Benthic,N,16
263,11/4/13,0:06,Main Site,Benthic Sled,Benthic,N,11
264,11/4/13,0:06,Main Site,Benthic Sled,Benthic,Y,16
265,11/4/13,0:06,Main Site,Benthic Sled,Benthic,N,14
266,11/4/13,0:06,Main Site,Benthic Sled,Benthic,N,16
267,11/4/13,0:06,Main Site,Benthic Sled,Benthic,N,11
268,11/4/13,0:06,Main Site,Benthic Sled,Benthic,N,12
269,11/4/13,0:06,Main Site,Benthic Sled,Benthic,Y,20
270,11/4/13,0:06,Main Site,Benthic Sled,Benthic,N,14
271,11/4/13,0:06,Main Site,Benthic Sled,Benthic,N,16
272,11/4/13,0:06,Main Site,Benthic Sled,Benthic,Y,13
273,11/4/13,0:06,Main Site,Benthic Sled,Benthic,N,15
274,11/4/13,0:06,Main Site,Benthic Sled,Benthic,Y,20
275,11/4/13,0:06,Main Site,Benthic Sled,Benthic,N,14
276,11/4/13,0:06,Main Site,Benthic Sled,Benthic,N,14
277,11/4/13,0:06,Main Site,Benthic Sled,Benthic,N,9
278,11/4/13,0:06,Main Site,Benthic Sled,Benthic,N,16
279,11/4/13,0:06,Main Site,Benthic Sled,Benthic,N,14
280,11/4/13,0:06,Main Site,Benthic Sled,Benthic,N,12
281,11/4/13,0:06,Main Site,Benthic Sled,Benthic,N,17
282,11/4/13,0:06,Main Site,Benthic Sled,Benthic,N,6
283,11/4/13,0:06,Main Site,Benthic Sled,Benthic,Y,15
284,11/4/13,0:06,Main Site,Benthic Sled,Benthic,N,16
285,11/4/13,0:06,Main Site,Benthic Sled,Benthic,N,13
286,11/4/13,0:06,Main Site,Benthic Sled,Benthic,N,10
287,11/4/13,0:06,Main Site,Benthic Sled,Benthic,N,17
288,11/4/13,0:06,Main Site,Benthic Sled,Benthic,Y,16
289,11/4/13,0:06,Main Site,Benthic Sled,Benthic,N,10
290,11/4/13,0:06,Main Site,Benthic Sled,Benthic,N,13
291,11/4/13,0:06,Main Site,Benthic Sled,Benthic,N,11
292,11/4/13,0:06,Main Site,Benthic Sled,Benthic,N,15
293,11/4/13,0:06,Main Site,Benthic Sled,Benthic,N,9
294,11/4/13,0:06,Main Site,Benthic Sled,Benthic,N,9
295,11/4/13,0:06,Main Site,Benthic Sled,Benthic,N,19
296,11/4/13,0:06,Main Site,Benthic Sled,Benthic,N,8
297,11/4/13,0:06,Main Site,Benthic Sled,Benthic,N,15
298,11/4/13,0:06,Main Site,Benthic Sled,Benthic,N,17
299,11/4/13,0:06,Main Site,Benthic Sled,Benthic,N,14
300,11/4/13,0:06,Main Site,Benthic Sled,Benthic,N,16
301,11/4/13,0:06,Main Site,Benthic Sled,Benthic,Y,17
302,11/4/13,0:06,Main Site,Benthic Sled,Benthic,N,14
303,11/4/13,0:06,Main Site,Benthic Sled,Benthic,N,12
304,11/4/13,0:06,Main Site,Benthic Sled,Benthic,N,12
305,11/5/13,0:39,Main Site,Tucker Trawl,Pelagic,N,15
306,11/5/13,0:39,Main Site,Tucker Trawl,Pelagic,N,13
307,11/5/13,0:39,Main Site,Tucker Trawl,Pelagic,Y,19
308,11/5/13,0:39,Main Site,Tucker Trawl,Pelagic,N,16
309,11/5/13,0:39,Main Site,Tucker Trawl,Pelagic,N,12
310,11/5/13,0:39,Main Site,Tucker Trawl,Pelagic,N,13
311,11/5/13,0:39,Main Site,Tucker Trawl,Pelagic,N,12
312,11/5/13,0:39,Main Site,Tucker Trawl,Pelagic,N,17
313,11/5/13,0:39,Main Site,Tucker Trawl,Pelagic,N,16
314,11/5/13,0:39,Main Site,Tucker Trawl,Pelagic,N,15
315,11/5/13,0:39,Main Site,Tucker Trawl,Pelagic,N,15
316,11/5/13,0:39,Main Site,Tucker Trawl,Pelagic,N,16
317,11/5/13,0:39,Main Site,Tucker Trawl,Pelagic,N,18
318,11/5/13,0:39,Main Site,Tucker Trawl,Pelagic,N,20
319,11/5/13,0:39,Main Site,Tucker Trawl,Pelagic,N,14
320,11/5/13,0:39,Main Site,Tucker Trawl,Pelagic,N,15
321,11/5/13,0:39,Main Site,Tucker Trawl,Pelagic,N,14
322,11/5/13,0:39,Main Site,Tucker Trawl,Pelagic,N,17
323,11/5/13,0:39,Main Site,Tucker Trawl,Pelagic,N,14
324,11/5/13,0:39,Main Site,Tucker Trawl,Pelagic,N,13
325,11/5/13,0:39,Main Site,Tucker Trawl,Pelagic,N,16
326,11/5/13,0:39,Main Site,Tucker Trawl,Pelagic,N,11
327,11/5/13,0:39,Main Site,Tucker Trawl,Pelagic,N,14
328,11/5/13,0:39,Main Site,Tucker Trawl,Pelagic,N,15
329,11/5/13,0:39,Main Site,Tucker Trawl,Pelagic,N,16
330,11/5/13,0:39,Main Site,Tucker Trawl,Pelagic,N,20
331,11/5/13,0:39,Main Site,Tucker Trawl,Pelagic,Y,20
332,11/5/13,0:39,Main Site,Tucker Trawl,Pelagic,N,13
333,11/5/13,0:39,Main Site,Tucker Trawl,Pelagic,N,17
334,11/5/13,0:39,Main Site,Tucker Trawl,Pelagic,N,13
335,11/5/13,0:39,Main Site,Tucker Trawl,Pelagic,N,11
336,11/5/13,0:39,Main Site,Tucker Trawl,Pelagic,N,16
337,11/5/13,0:39,Main Site,Tucker Trawl,Pelagic,Y,20
338,11/5/13,0:39,Main Site,Tucker Trawl,Pelagic,N,15
339,11/5/13,0:39,Main Site,Tucker Trawl,Pelagic,N,14
340,11/5/13,0:39,Main Site,Tucker Trawl,Pelagic,N,16
341,11/5/13,0:39,Main Site,Tucker Trawl,Pelagic,N,15
342,11/5/13,0:39,Main Site,Tucker Trawl,Pelagic,N,16
343,11/5/13,0:39,Main Site,Tucker Trawl,Pelagic,N,23
344,11/5/13,0:39,Main Site,Tucker Trawl,Pelagic,N,7
345,11/5/13,0:39,Main Site,Tucker Trawl,Pelagic,N,6
346,11/5/13,0:39,Main Site,Tucker Trawl,Pelagic,N,16
347,11/5/13,0:39,Main Site,Tucker Trawl,Pelagic,N,15
348,11/5/13,0:39,Main Site,Tucker Trawl,Pelagic,N,15
349,11/5/13,0:39,Main Site,Tucker Trawl,Pelagic,N,13
350,11/5/13,0:39,Main Site,Tucker Trawl,Pelagic,N,11
351,11/5/13,0:39,Main Site,Tucker Trawl,Pelagic,N,16
352,11/5/13,0:39,Main Site,Tucker Trawl,Pelagic,N,12
353,11/5/13,0:39,Main Site,Tucker Trawl,Pelagic,N,16
354,11/5/13,0:39,Main Site,Tucker Trawl,Pelagic,N,10
355,11/5/13,0:39,Main Site,Tucker Trawl,Pelagic,N,13
356,11/5/13,0:39,Main Site,Tucker Trawl,Pelagic,N,10
357,11/5/13,0:39,Main Site,Tucker Trawl,Pelagic,N,15
358,11/5/13,0:39,Main Site,Tucker Trawl,Pelagic,N,15
359,11/5/13,0:39,Main Site,Tucker Trawl,Pelagic,N,10
360,11/5/13,0:39,Main Site,Tucker Trawl,Pelagic,N,8
361,11/5/13,0:39,Main Site,Tucker Trawl,Pelagic,N,14
362,11/5/13,0:39,Main Site,Tucker Trawl,Pelagic,N,11
363,11/5/13,0:39,Main Site,Tucker Trawl,Pelagic,N,14
364,11/5/13,0:39,Main Site,Tucker Trawl,Pelagic,N,12
365,11/5/13,0:39,Main Site,Tucker Trawl,Pelagic,Y,19
366,11/5/13,0:39,Main Site,Tucker Trawl,Pelagic,N,14
367,11/5/13,0:39,Main Site,Tucker Trawl,Pelagic,N,20
368,11/5/13,0:39,Main Site,Tucker Trawl,Pelagic,N,12
369,11/5/13,0:39,Main Site,Tucker Trawl,Pelagic,N,13
370,11/5/13,0:39,Main Site,Tucker Trawl,Pelagic,N,7
371,11/5/13,0:39,Main Site,Tucker Trawl,Pelagic,N,6
372,11/5/13,0:39,Main Site,Tucker Trawl,Pelagic,N,15
373,11/5/13,0:39,Main Site,Tucker Trawl,Pelagic,N,12
374,11/5/13,0:39,Main Site,Tucker Trawl,Pelagic,N,6
375,11/5/13,0:39,Main Site,Tucker Trawl,Pelagic,N,11
376,11/5/13,0:39,Main Site,Tucker Trawl,Pelagic,N,15
377,11/5/13,0:39,Main Site,Tucker Trawl,Pelagic,N,15
378,11/5/13,0:39,Main Site,Tucker Trawl,Pelagic,N,11
379,11/5/13,0:39,Main Site,Tucker Trawl,Pelagic,N,13
380,11/5/13,0:39,Main Site,Tucker Trawl,Pelagic,N,19
381,11/5/13,0:39,Main Site,Tucker Trawl,Pelagic,N,12
382,11/5/13,0:39,Main Site,Tucker Trawl,Pelagic,N,16
383,11/5/13,0:39,Main Site,Tucker Trawl,Pelagic,N,12
384,11/5/13,0:39,Main Site,Tucker Trawl,Pelagic,N,15
385,11/5/13,0:39,Main Site,Tucker Trawl,Pelagic,N,14
386,11/5/13,0:39,Main Site,Tucker Trawl,Pelagic,N,16
387,11/5/13,0:39,Main Site,Tucker Trawl,Pelagic,N,17
388,11/5/13,0:39,Main Site,Tucker Trawl,Pelagic,N,15
389,11/5/13,0:39,Main Site,Tucker Trawl,Pelagic,N,15
390,11/5/13,0:39,Main Site,Tucker Trawl,Pelagic,N,16
391,11/5/13,0:39,Main Site,Tucker Trawl,Pelagic,N,17
392,11/5/13,0:39,Main Site,Tucker Trawl,Pelagic,N,14
393,11/5/13,0:39,Main Site,Tucker Trawl,Pelagic,N,16
394,11/5/13,0:39,Main Site,Tucker Trawl,Pelagic,N,11
395,11/5/13,0:39,Main Site,Tucker Trawl,Pelagic,N,9
396,11/5/13,0:39,Main Site,Tucker Trawl,Pelagic,N,11
397,11/5/13,0:39,Main Site,Tucker Trawl,Pelagic,N,11
398,11/5/13,0:39,Main Site,Tucker Trawl,Pelagic,N,15
399,11/5/13,0:39,Main Site,Tucker Trawl,Pelagic,N,15
400,11/5/13,0:39,Main Site,Tucker Trawl,Pelagic,N,10
401,11/5/13,0:39,Main Site,Tucker Trawl,Pelagic,N,13
402,11/5/13,0:39,Main Site,Tucker Trawl,Pelagic,N,13
403,11/5/13,0:39,Main Site,Tucker Trawl,Pelagic,N,15
404,11/5/13,0:39,Main Site,Tucker Trawl,Pelagic,N,12
405,11/13/13,21:41:25,Split Rock,Benthic Sled,Benthic,Y,20
406,11/13/13,21:41:25,Split Rock,Benthic Sled,Benthic,Y,18
407,11/13/13,21:41:25,Split Rock,Benthic Sled,Benthic,N,12
408,11/13/13,21:41:25,Split Rock,Benthic Sled,Benthic,Y,20
409,11/13/13,21:41:25,Split Rock,Benthic Sled,Benthic,Y,20
410,11/13/13,21:41:25,Split Rock,Benthic Sled,Benthic,N,16
411,11/13/13,21:41:25,Split Rock,Benthic Sled,Benthic,N,10
412,11/13/13,21:41:25,Split Rock,Benthic Sled,Benthic,N,17
413,11/13/13,21:41:25,Split Rock,Benthic Sled,Benthic,N,11
414,11/13/13,21:41:25,Split Rock,Benthic Sled,Benthic,N,13
415,11/13/13,21:41:25,Split Rock,Benthic Sled,Benthic,Y,20
416,11/13/13,21:41:25,Split Rock,Benthic Sled,Benthic,N,13
417,11/13/13,21:41:25,Split Rock,Benthic Sled,Benthic,N,18
418,11/13/13,21:41:25,Split Rock,Benthic Sled,Benthic,Y,17
419,11/13/13,21:41:25,Split Rock,Benthic Sled,Benthic,N,12
420,11/13/13,21:41:25,Split Rock,Benthic Sled,Benthic,Y,20
421,11/13/13,21:41:25,Split Rock,Benthic Sled,Benthic,N,15
422,11/13/13,21:41:25,Split Rock,Benthic Sled,Benthic,N,13
423,11/13/13,21:41:25,Split Rock,Benthic Sled,Benthic,Y,18
424,11/13/13,21:41:25,Split Rock,Benthic Sled,Benthic,N,16
425,11/13/13,21:41:25,Split Rock,Benthic Sled,Benthic,N,12
426,11/13/13,21:41:25,Split Rock,Benthic Sled,Benthic,Y,19
427,11/13/13,21:41:25,Split Rock,Benthic Sled,Benthic,N,18
428,11/13/13,21:41:25,Split Rock,Benthic Sled,Benthic,N,20
429,11/13/13,21:41:25,Split Rock,Benthic Sled,Benthic,N,13
430,11/13/13,21:41:25,Split Rock,Benthic Sled,Benthic,N,14
431,11/13/13,21:41:25,Split Rock,Benthic Sled,Benthic,N,9
432,11/13/13,21:41:25,Split Rock,Benthic Sled,Benthic,N,8
433,11/13/13,21:41:25,Split Rock,Benthic Sled,Benthic,N,15
434,11/13/13,21:41:25,Split Rock,Benthic Sled,Benthic,N,17
435,11/13/13,21:41:25,Split Rock,Benthic Sled,Benthic,N,16
436,11/13/13,21:41:25,Split Rock,Benthic Sled,Benthic,N,15
437,11/13/13,21:41:25,Split Rock,Benthic Sled,Benthic,N,15
438,11/13/13,21:41:25,Split Rock,Benthic Sled,Benthic,N,8
439,11/13/13,21:41:25,Split Rock,Benthic Sled,Benthic,N,10
440,11/13/13,21:41:25,Split Rock,Benthic Sled,Benthic,Y,18
441,11/13/13,21:41:25,Split Rock,Benthic Sled,Benthic,N,14
442,11/13/13,21:41:25,Split Rock,Benthic Sled,Benthic,N,15
443,11/13/13,21:41:25,Split Rock,Benthic Sled,Benthic,N,13
444,11/13/13,21:41:25,Split Rock,Benthic Sled,Benthic,N,15
445,11/13/13,21:41:25,Split Rock,Benthic Sled,Benthic,N,8
446,11/13/13,21:41:25,Split Rock,Benthic Sled,Benthic,N,14
447,11/13/13,21:41:25,Split Rock,Benthic Sled,Benthic,Y,21
448,11/13/13,21:41:25,Split Rock,Benthic Sled,Benthic,N,16
449,11/13/13,21:41:25,Split Rock,Benthic Sled,Benthic,N,20
450,11/13/13,21:41:25,Split Rock,Benthic Sled,Benthic,N,10
451,11/13/13,21:41:25,Split Rock,Benthic Sled,Benthic,Y,17
452,11/13/13,21:41:25,Split Rock,Benthic Sled,Benthic,N,12
453,11/13/13,21:41:25,Split Rock,Benthic Sled,Benthic,Y,20
454,11/13/13,21:41:25,Split Rock,Benthic Sled,Benthic,Y,20
455,11/13/13,21:41:25,Split Rock,Benthic Sled,Benthic,N,16
456,11/13/13,21:41:25,Split Rock,Benthic Sled,Benthic,Y,15
457,11/13/13,21:41:25,Split Rock,Benthic Sled,Benthic,Y,19
458,11/13/13,21:41:25,Split Rock,Benthic Sled,Benthic,N,18
459,11/13/13,21:41:25,Split Rock,Benthic Sled,Benthic,N,14
460,11/13/13,21:41:25,Split Rock,Benthic Sled,Benthic,N,11
461,11/13/13,21:41:25,Split Rock,Benthic Sled,Benthic,N,15
462,11/13/13,21:41:25,Split Rock,Benthic Sled,Benthic,N,13
463,11/13/13,21:41:25,Split Rock,Benthic Sled,Benthic,N,13
464,11/13/13,21:41:25,Split Rock,Benthic Sled,Benthic,N,18
465,11/13/13,21:41:25,Split Rock,Benthic Sled,Benthic,N,14
466,11/13/13,21:41:25,Split Rock,Benthic Sled,Benthic,N,15
467,11/13/13,21:41:25,Split Rock,Benthic Sled,Benthic,N,14
468,11/13/13,21:41:25,Split Rock,Benthic Sled,Benthic,Y,18
469,11/13/13,21:41:25,Split Rock,Benthic Sled,Benthic,N,16
470,11/13/13,21:41:25,Split Rock,Benthic Sled,Benthic,N,14
471,11/13/13,21:41:25,Split Rock,Benthic Sled,Benthic,Y,19
472,11/13/13,21:41:25,Split Rock,Benthic Sled,Benthic,N,11
473,11/13/13,21:41:25,Split Rock,Benthic Sled,Benthic,N,16
474,11/13/13,21:41:25,Split Rock,Benthic Sled,Benthic,Y,15
475,11/13/13,21:41:25,Split Rock,Benthic Sled,Benthic,N,8
476,11/13/13,21:41:25,Split Rock,Benthic Sled,Benthic,N,8
477,11/13/13,21:41:25,Split Rock,Benthic Sled,Benthic,Y,19
478,11/13/13,21:41:25,Split Rock,Benthic Sled,Benthic,N,10
479,11/13/13,21:41:25,Split Rock,Benthic Sled,Benthic,N,15
480,11/13/13,21:41:25,Split Rock,Benthic Sled,Benthic,N,12
481,11/13/13,21:41:25,Split Rock,Benthic Sled,Benthic,Y,19
482,11/13/13,21:41:25,Split Rock,Benthic Sled,Benthic,N,14
483,11/13/13,21:41:25,Split Rock,Benthic Sled,Benthic,N,16
484,11/13/13,21:41:25,Split Rock,Benthic Sled,Benthic,N,17
485,11/13/13,21:41:25,Split Rock,Benthic Sled,Benthic,Y,19
486,11/13/13,21:41:25,Split Rock,Benthic Sled,Benthic,Y,19
487,11/13/13,21:41:25,Split Rock,Benthic Sled,Benthic,N,8
488,11/13/13,21:41:25,Split Rock,Benthic Sled,Benthic,N,17
489,11/13/13,21:41:25,Split Rock,Benthic Sled,Benthic,N,9
490,11/13/13,21:41:25,Split Rock,Benthic Sled,Benthic,N,13
491,11/13/13,21:41:25,Split Rock,Benthic Sled,Benthic,N,16
492,11/13/13,21:41:25,Split Rock,Benthic Sled,Benthic,N,17
493,11/13/13,21:41:25,Split Rock,Benthic Sled,Benthic,N,17
494,11/13/13,21:41:25,Split Rock,Benthic Sled,Benthic,N,10
495,11/13/13,21:41:25,Split Rock,Benthic Sled,Benthic,N,11
496,11/13/13,21:41:25,Split Rock,Benthic Sled,Benthic,N,16
497,11/13/13,21:41:25,Split Rock,Benthic Sled,Benthic,N,12
498,11/13/13,21:41:25,Split Rock,Benthic Sled,Benthic,N,17
499,11/13/13,21:41:25,Split Rock,Benthic Sled,Benthic,N,16
500,11/13/13,21:41:25,Split Rock,Benthic Sled,Benthic,N,8
501,11/13/13,21:41:25,Split Rock,Benthic Sled,Benthic,N,9
502,11/13/13,21:41:25,Split Rock,Benthic Sled,Benthic,N,13
503,11/13/13,21:41:25,Split Rock,Benthic Sled,Benthic,N,8
504,11/13/13,21:41:25,Split Rock,Benthic Sled,Benthic,N,9
505,11/13/13,18:38,Split Rock,Tucker Trawl,Pelagic,N,9
506,11/13/13,18:38,Split Rock,Tucker Trawl,Pelagic,N,11
507,11/13/13,18:38,Split Rock,Tucker Trawl,Pelagic,N,16
508,11/13/13,18:38,Split Rock,Tucker Trawl,Pelagic,N,19
509,11/13/13,18:38,Split Rock,Tucker Trawl,Pelagic,N,13
510,11/13/13,18:38,Split Rock,Tucker Trawl,Pelagic,N,14
511,11/13/13,18:38,Split Rock,Tucker Trawl,Pelagic,N,8
512,11/13/13,18:38,Split Rock,Tucker Trawl,Pelagic,N,12
513,11/13/13,18:38,Split Rock,Tucker Trawl,Pelagic,N,10
514,11/13/13,18:38,Split Rock,Tucker Trawl,Pelagic,N,15
515,11/13/13,18:38,Split Rock,Tucker Trawl,Pelagic,N,16
516,11/13/13,18:38,Split Rock,Tucker Trawl,Pelagic,N,15
517,11/13/13,18:38,Split Rock,Tucker Trawl,Pelagic,N,9
518,11/13/13,18:38,Split Rock,Tucker Trawl,Pelagic,N,11
519,11/13/13,18:38,Split Rock,Tucker Trawl,Pelagic,N,9
520,11/13/13,18:38,Split Rock,Tucker Trawl,Pelagic,N,11
521,11/13/13,18:38,Split Rock,Tucker Trawl,Pelagic,N,9
522,11/13/13,18:38,Split Rock,Tucker Trawl,Pelagic,N,14
523,11/13/13,18:38,Split Rock,Tucker Trawl,Pelagic,N,16
524,11/13/13,18:38,Split Rock,Tucker Trawl,Pelagic,N,11
525,11/13/13,18:38,Split Rock,Tucker Trawl,Pelagic,N,12
526,11/13/13,18:38,Split Rock,Tucker Trawl,Pelagic,N,6
527,11/13/13,18:38,Split Rock,Tucker Trawl,Pelagic,N,7
528,11/13/13,18:38,Split Rock,Tucker Trawl,Pelagic,N,12
529,11/13/13,18:38,Split Rock,Tucker Trawl,Pelagic,N,13
530,11/13/13,18:38,Split Rock,Tucker Trawl,Pelagic,N,10
531,11/13/13,18:38,Split Rock,Tucker Trawl,Pelagic,N,12
532,11/13/13,18:38,Split Rock,Tucker Trawl,Pelagic,N,16
533,11/13/13,18:38,Split Rock,Tucker Trawl,Pelagic,N,16
534,11/13/13,18:38,Split Rock,Tucker Trawl,Pelagic,N,10
535,11/13/13,18:38,Split Rock,Tucker Trawl,Pelagic,N,10
536,11/13/13,18:38,Split Rock,Tucker Trawl,Pelagic,N,12
537,11/13/13,18:38,Split Rock,Tucker Trawl,Pelagic,N,12
538,11/13/13,18:38,Split Rock,Tucker Trawl,Pelagic,N,9
539,11/13/13,18:38,Split Rock,Tucker Trawl,Pelagic,N,13
540,11/13/13,18:38,Split Rock,Tucker Trawl,Pelagic,N,7
541,11/13/13,18:38,Split Rock,Tucker Trawl,Pelagic,N,15
542,11/13/13,18:38,Split Rock,Tucker Trawl,Pelagic,N,14
543,11/13/13,18:38,Split Rock,Tucker Trawl,Pelagic,N,11
544,11/13/13,18:38,Split Rock,Tucker Trawl,Pelagic,N,15
545,11/13/13,18:38,Split Rock,Tucker Trawl,Pelagic,N,11
546,11/13/13,18:38,Split Rock,Tucker Trawl,Pelagic,N,16
547,11/13/13,18:38,Split Rock,Tucker Trawl,Pelagic,N,12
548,11/13/13,18:38,Split Rock,Tucker Trawl,Pelagic,N,12
549,11/13/13,18:38,Split Rock,Tucker Trawl,Pelagic,N,12
550,11/13/13,18:38,Split Rock,Tucker Trawl,Pelagic,N,13
551,11/13/13,18:38,Split Rock,Tucker Trawl,Pelagic,N,7
552,11/13/13,18:38,Split Rock,Tucker Trawl,Pelagic,N,11
553,11/13/13,18:38,Split Rock,Tucker Trawl,Pelagic,N,12
554,11/13/13,18:38,Split Rock,Tucker Trawl,Pelagic,N,12
555,11/13/13,18:38,Split Rock,Tucker Trawl,Pelagic,N,18
556,11/13/13,18:38,Split Rock,Tucker Trawl,Pelagic,N,12
557,11/13/13,18:38,Split Rock,Tucker Trawl,Pelagic,N,11
558,11/13/13,18:38,Split Rock,Tucker Trawl,Pelagic,N,11
559,11/13/13,18:38,Split Rock,Tucker Trawl,Pelagic,N,13
560,11/13/13,18:38,Split Rock,Tucker Trawl,Pelagic,N,13
561,11/13/13,18:38,Split Rock,Tucker Trawl,Pelagic,N,7
562,11/13/13,18:38,Split Rock,Tucker Trawl,Pelagic,N,11
563,11/13/13,18:38,Split Rock,Tucker Trawl,Pelagic,N,12
564,11/13/13,18:38,Split Rock,Tucker Trawl,Pelagic,N,9
565,11/13/13,18:38,Split Rock,Tucker Trawl,Pelagic,N,13
566,11/13/13,18:38,Split Rock,Tucker Trawl,Pelagic,N,10
567,11/13/13,18:38,Split Rock,Tucker Trawl,Pelagic,N,11
568,11/13/13,18:38,Split Rock,Tucker Trawl,Pelagic,N,13
569,11/13/13,18:38,Split Rock,Tucker Trawl,Pelagic,N,7
570,11/13/13,18:38,Split Rock,Tucker Trawl,Pelagic,N,11
571,11/13/13,18:38,Split Rock,Tucker Trawl,Pelagic,N,8
572,11/13/13,18:38,Split Rock,Tucker Trawl,Pelagic,N,11
573,11/13/13,18:38,Split Rock,Tucker Trawl,Pelagic,N,12
574,11/13/13,18:38,Split Rock,Tucker Trawl,Pelagic,N,9
575,11/13/13,18:38,Split Rock,Tucker Trawl,Pelagic,N,9
576,11/13/13,18:38,Split Rock,Tucker Trawl,Pelagic,N,15
577,11/13/13,18:38,Split Rock,Tucker Trawl,Pelagic,N,11
578,11/13/13,23:21,Main Site,Tucker Trawl,Pelagic,Y,21
579,11/13/13,23:21,Main Site,Tucker Trawl,Pelagic,N,12
580,11/13/13,23:21,Main Site,Tucker Trawl,Pelagic,N,18
581,11/13/13,23:21,Main Site,Tucker Trawl,Pelagic,N,14
582,11/13/13,23:21,Main Site,Tucker Trawl,Pelagic,N,11
583,11/13/13,23:21,Main Site,Tucker Trawl,Pelagic,N,10
584,11/13/13,23:21,Main Site,Tucker Trawl,Pelagic,N,17
585,11/13/13,23:21,Main Site,Tucker Trawl,Pelagic,N,15
586,11/13/13,23:21,Main Site,Tucker Trawl,Pelagic,N,9
587,11/13/13,23:21,Main Site,Tucker Trawl,Pelagic,N,14
588,11/13/13,23:21,Main Site,Tucker Trawl,Pelagic,N,16
589,11/13/13,23:21,Main Site,Tucker Trawl,Pelagic,N,10
590,11/13/13,23:21,Main Site,Tucker Trawl,Pelagic,N,10
591,11/13/13,23:21,Main Site,Tucker Trawl,Pelagic,Y,19
592,11/13/13,23:21,Main Site,Tucker Trawl,Pelagic,N,12
593,11/13/13,23:21,Main Site,Tucker Trawl,Pelagic,N,8
594,11/13/13,23:21,Main Site,Tucker Trawl,Pelagic,N,17
595,11/13/13,23:21,Main Site,Tucker Trawl,Pelagic,N,14
596,11/13/13,23:21,Main Site,Tucker Trawl,Pelagic,N,7
597,11/13/13,23:21,Main Site,Tucker Trawl,Pelagic,N,12
598,11/13/13,23:21,Main Site,Tucker Trawl,Pelagic,N,9
599,11/13/13,23:21,Main Site,Tucker Trawl,Pelagic,N,15
600,11/13/13,23:21,Main Site,Tucker Trawl,Pelagic,N,11
601,11/14/13,20:24,Cumberland Head,Tucker Trawl,Pelagic,N,12
602,11/14/13,20:24,Cumberland Head,Tucker Trawl,Pelagic,N,12
603,11/14/13,20:24,Cumberland Head,Tucker Trawl,Pelagic,N,13
604,11/14/13,20:24,Cumberland Head,Tucker Trawl,Pelagic,N,13
605,11/14/13,20:24,Cumberland Head,Tucker Trawl,Pelagic,N,10
606,11/14/13,20:24,Cumberland Head,Tucker Trawl,Pelagic,N,14
607,11/14/13,20:24,Cumberland Head,Tucker Trawl,Pelagic,N,17
608,11/14/13,20:24,Cumberland Head,Tucker Trawl,Pelagic,N,14
609,11/14/13,20:24,Cumberland Head,Tucker Trawl,Pelagic,N,14
610,11/14/13,20:24,Cumberland Head,Tucker Trawl,Pelagic,N,15
611,11/14/13,20:24,Cumberland Head,Tucker Trawl,Pelagic,Y,16
612,11/14/13,20:24,Cumberland Head,Tucker Trawl,Pelagic,N,14
613,11/14/13,20:24,Cumberland Head,Tucker Trawl,Pelagic,N,14
614,11/14/13,20:24,Cumberland Head,Tucker Trawl,Pelagic,N,13
615,11/14/13,20:24,Cumberland Head,Tucker Trawl,Pelagic,N,12
616,11/14/13,20:24,Cumberland Head,Tucker Trawl,Pelagic,N,15
617,11/14/13,20:24,Cumberland Head,Tucker Trawl,Pelagic,N,17
618,11/14/13,20:24,Cumberland Head,Tucker Trawl,Pelagic,Y,16
619,11/14/13,20:24,Cumberland Head,Tucker Trawl,Pelagic,N,17
620,11/14/13,20:24,Cumberland Head,Tucker Trawl,Pelagic,Y,15
621,11/14/13,20:24,Cumberland Head,Tucker Trawl,Pelagic,N,13
622,11/14/13,20:24,Cumberland Head,Tucker Trawl,Pelagic,N,12
623,11/14/13,20:24,Cumberland Head,Tucker Trawl,Pelagic,N,13
624,11/14/13,20:24,Cumberland Head,Tucker Trawl,Pelagic,N,13
625,11/14/13,20:24,Cumberland Head,Tucker Trawl,Pelagic,N,15
626,11/14/13,20:24,Cumberland Head,Tucker Trawl,Pelagic,N,16
627,11/14/13,20:24,Cumberland Head,Tucker Trawl,Pelagic,N,12
628,11/14/13,20:24,Cumberland Head,Tucker Trawl,Pelagic,N,12
629,11/14/13,20:24,Cumberland Head,Tucker Trawl,Pelagic,N,13
630,11/14/13,20:24,Cumberland Head,Tucker Trawl,Pelagic,N,13
631,11/14/13,20:24,Cumberland Head,Tucker Trawl,Pelagic,y,16
632,11/14/13,20:24,Cumberland Head,Tucker Trawl,Pelagic,Y,17
633,11/14/13,20:24,Cumberland Head,Tucker Trawl,Pelagic,N,13
634,11/14/13,20:24,Cumberland Head,Tucker Trawl,Pelagic,N,13
635,11/14/13,20:24,Cumberland Head,Tucker Trawl,Pelagic,N,13
636,11/14/13,20:24,Cumberland Head,Tucker Trawl,Pelagic,N,12
637,11/14/13,20:24,Cumberland Head,Tucker Trawl,Pelagic,N,11
638,11/14/13,20:24,Cumberland Head,Tucker Trawl,Pelagic,N,14
639,11/14/13,20:24,Cumberland Head,Tucker Trawl,Pelagic,Y,15
640,11/14/13,20:24,Cumberland Head,Tucker Trawl,Pelagic,N,16
641,11/14/13,20:24,Cumberland Head,Tucker Trawl,Pelagic,N,11
642,11/14/13,20:24,Cumberland Head,Tucker Trawl,Pelagic,N,15
643,11/14/13,20:24,Cumberland Head,Tucker Trawl,Pelagic,N,8
644,11/14/13,20:24,Cumberland Head,Tucker Trawl,Pelagic,N,14
645,11/14/13,20:24,Cumberland Head,Tucker Trawl,Pelagic,N,13
646,11/14/13,20:24,Cumberland Head,Tucker Trawl,Pelagic,N,12
647,11/14/13,20:24,Cumberland Head,Tucker Trawl,Pelagic,N,11
648,11/14/13,20:24,Cumberland Head,Tucker Trawl,Pelagic,N,11
649,11/14/13,20:24,Cumberland Head,Tucker Trawl,Pelagic,N,14
650,11/14/13,20:24,Cumberland Head,Tucker Trawl,Pelagic,N,14
651,11/14/13,20:24,Cumberland Head,Tucker Trawl,Pelagic,N,11
652,11/14/13,20:24,Cumberland Head,Tucker Trawl,Pelagic,N,13
653,11/14/13,20:24,Cumberland Head,Tucker Trawl,Pelagic,N,12
654,11/14/13,20:24,Cumberland Head,Tucker Trawl,Pelagic,N,10
655,11/14/13,20:24,Cumberland Head,Tucker Trawl,Pelagic,N,10
656,11/14/13,20:24,Cumberland Head,Tucker Trawl,Pelagic,Y,18
657,11/14/13,20:24,Cumberland Head,Tucker Trawl,Pelagic,Y,16
658,11/14/13,20:24,Cumberland Head,Tucker Trawl,Pelagic,N,9
659,11/14/13,20:24,Cumberland Head,Tucker Trawl,Pelagic,N,9
660,11/14/13,20:24,Cumberland Head,Tucker Trawl,Pelagic,N,14
661,11/14/13,20:24,Cumberland Head,Tucker Trawl,Pelagic,N,13
662,11/14/13,20:24,Cumberland Head,Tucker Trawl,Pelagic,N,12
663,11/14/13,20:24,Cumberland Head,Tucker Trawl,Pelagic,N,15
664,11/14/13,20:24,Cumberland Head,Tucker Trawl,Pelagic,N,11
665,11/14/13,20:24,Cumberland Head,Tucker Trawl,Pelagic,N,12
666,11/14/13,20:24,Cumberland Head,Tucker Trawl,Pelagic,N,12
667,11/14/13,20:24,Cumberland Head,Tucker Trawl,Pelagic,N,11
668,11/14/13,20:24,Cumberland Head,Tucker Trawl,Pelagic,N,13
669,11/14/13,20:24,Cumberland Head,Tucker Trawl,Pelagic,N,13
670,11/14/13,20:24,Cumberland Head,Tucker Trawl,Pelagic,N,11
671,11/14/13,20:24,Cumberland Head,Tucker Trawl,Pelagic,N,10
672,11/14/13,20:24,Cumberland Head,Tucker Trawl,Pelagic,Y,16
673,11/14/13,20:24,Cumberland Head,Tucker Trawl,Pelagic,Y,18
674,11/14/13,20:24,Cumberland Head,Tucker Trawl,Pelagic,N,12
675,11/14/13,20:24,Cumberland Head,Tucker Trawl,Pelagic,N,13
676,11/14/13,20:24,Cumberland Head,Tucker Trawl,Pelagic,N,11
677,11/14/13,20:24,Cumberland Head,Tucker Trawl,Pelagic,N,15
678,11/14/13,20:24,Cumberland Head,Tucker Trawl,Pelagic,N,11
679,11/14/13,20:24,Cumberland Head,Tucker Trawl,Pelagic,N,12
680,11/14/13,20:24,Cumberland Head,Tucker Trawl,Pelagic,N,13
681,11/14/13,20:24,Cumberland Head,Tucker Trawl,Pelagic,N,10
682,11/14/13,20:24,Cumberland Head,Tucker Trawl,Pelagic,N,13
683,11/14/13,20:24,Cumberland Head,Tucker Trawl,Pelagic,N,13
684,11/14/13,20:24,Cumberland Head,Tucker Trawl,Pelagic,Y,17
685,11/14/13,20:24,Cumberland Head,Tucker Trawl,Pelagic,Y,17
686,11/14/13,20:24,Cumberland Head,Tucker Trawl,Pelagic,N,12
687,11/14/13,20:24,Cumberland Head,Tucker Trawl,Pelagic,N,11
688,11/14/13,20:24,Cumberland Head,Tucker Trawl,Pelagic,N,16
689,11/14/13,20:24,Cumberland Head,Tucker Trawl,Pelagic,N,15
690,11/14/13,20:24,Cumberland Head,Tucker Trawl,Pelagic,N,11
691,11/14/13,20:24,Cumberland Head,Tucker Trawl,Pelagic,N,12
692,11/14/13,20:24,Cumberland Head,Tucker Trawl,Pelagic,N,12
693,11/14/13,20:24,Cumberland Head,Tucker Trawl,Pelagic,N,14
694,11/14/13,20:24,Cumberland Head,Tucker Trawl,Pelagic,N,12
695,11/14/13,20:24,Cumberland Head,Tucker Trawl,Pelagic,N,11
696,11/14/13,20:24,Cumberland Head,Tucker Trawl,Pelagic,N,15
697,11/14/13,20:24,Cumberland Head,Tucker Trawl,Pelagic,N,12
698,11/14/13,20:24,Cumberland Head,Tucker Trawl,Pelagic,N,11
699,11/14/13,20:24,Cumberland Head,Tucker Trawl,Pelagic,N,13
700,11/14/13,20:24,Cumberland Head,Tucker Trawl,Pelagic,N,14
701,11/14/13,18:30,Cumberland Head,Benthic Sled,Benthic,N,13
702,11/14/13,18:30,Cumberland Head,Benthic Sled,Benthic,N,14
703,11/14/13,18:30,Cumberland Head,Benthic Sled,Benthic,N,11
704,11/14/13,18:30,Cumberland Head,Benthic Sled,Benthic,N,8
705,11/14/13,18:30,Cumberland Head,Benthic Sled,Benthic,N,13
706,11/14/13,18:30,Cumberland Head,Benthic Sled,Benthic,N,12
707,11/14/13,18:30,Cumberland Head,Benthic Sled,Benthic,N,11
708,11/14/13,18:30,Cumberland Head,Benthic Sled,Benthic,N,11
709,11/14/13,18:30,Cumberland Head,Benthic Sled,Benthic,N,11
710,11/14/13,18:30,Cumberland Head,Benthic Sled,Benthic,N,11
711,11/14/13,18:30,Cumberland Head,Benthic Sled,Benthic,N,13
712,11/14/13,18:30,Cumberland Head,Benthic Sled,Benthic,N,15
713,11/14/13,18:30,Cumberland Head,Benthic Sled,Benthic,Y,17
714,11/14/13,18:30,Cumberland Head,Benthic Sled,Benthic,N,15
715,11/14/13,18:30,Cumberland Head,Benthic Sled,Benthic,N,12
716,11/14/13,18:30,Cumberland Head,Benthic Sled,Benthic,N,14
717,11/14/13,18:30,Cumberland Head,Benthic Sled,Benthic,N,10
718,11/14/13,18:30,Cumberland Head,Benthic Sled,Benthic,N,13
719,11/14/13,18:30,Cumberland Head,Benthic Sled,Benthic,N,10
720,11/14/13,18:30,Cumberland Head,Benthic Sled,Benthic,N,14
721,11/14/13,18:24,Cumberland Head,Benthic Sled,Benthic,N,15
722,11/14/13,18:24,Cumberland Head,Benthic Sled,Benthic,N,14
723,11/14/13,18:24,Cumberland Head,Benthic Sled,Benthic,Y,21
724,11/14/13,18:24,Cumberland Head,Benthic Sled,Benthic,N,13
725,11/14/13,18:24,Cumberland Head,Benthic Sled,Benthic,N,12
726,11/14/13,18:24,Cumberland Head,Benthic Sled,Benthic,N,10
727,11/14/13,18:24,Cumberland Head,Benthic Sled,Benthic,N,10
728,11/14/13,18:24,Cumberland Head,Benthic Sled,Benthic,N,11
729,11/14/13,18:24,Cumberland Head,Benthic Sled,Benthic,N,9
730,11/14/13,18:24,Cumberland Head,Benthic Sled,Benthic,N,16
731,11/14/13,18:24,Cumberland Head,Benthic Sled,Benthic,N,14
732,11/14/13,18:24,Cumberland Head,Benthic Sled,Benthic,N,12
733,11/14/13,18:24,Cumberland Head,Benthic Sled,Benthic,N,14
734,11/14/13,18:24,Cumberland Head,Benthic Sled,Benthic,Y,17
735,11/14/13,18:24,Cumberland Head,Benthic Sled,Benthic,N,10
736,11/14/13,18:24,Cumberland Head,Benthic Sled,Benthic,N,15
737,11/14/13,18:24,Cumberland Head,Benthic Sled,Benthic,N,14
738,11/14/13,18:24,Cumberland Head,Benthic Sled,Benthic,N,12
739,11/14/13,18:24,Cumberland Head,Benthic Sled,Benthic,N,8
740,11/14/13,18:24,Cumberland Head,Benthic Sled,Benthic,N,10
741,11/14/13,18:24,Cumberland Head,Benthic Sled,Benthic,N,11
742,11/14/13,18:24,Cumberland Head,Benthic Sled,Benthic,N,11
743,11/14/13,18:24,Cumberland Head,Benthic Sled,Benthic,N,11
744,11/14/13,18:24,Cumberland Head,Benthic Sled,Benthic,Y,17
745,11/14/13,18:24,Cumberland Head,Benthic Sled,Benthic,N,13
746,11/14/13,18:24,Cumberland Head,Benthic Sled,Benthic,N,12
747,11/14/13,18:24,Cumberland Head,Benthic Sled,Benthic,N,12
748,11/14/13,18:24,Cumberland Head,Benthic Sled,Benthic,N,8
749,11/14/13,18:24,Cumberland Head,Benthic Sled,Benthic,N,14
750,11/14/13,18:24,Cumberland Head,Benthic Sled,Benthic,N,14
751,11/14/13,18:24,Cumberland Head,Benthic Sled,Benthic,N,13
752,11/14/13,18:24,Cumberland Head,Benthic Sled,Benthic,N,13
753,11/14/13,18:24,Cumberland Head,Benthic Sled,Benthic,N,12
754,11/14/13,18:24,Cumberland Head,Benthic Sled,Benthic,N,12
755,11/14/13,18:24,Cumberland Head,Benthic Sled,Benthic,N,11
756,11/14/13,18:24,Cumberland Head,Benthic Sled,Benthic,N,15
757,11/14/13,18:24,Cumberland Head,Benthic Sled,Benthic,N,14
758,11/14/13,18:24,Cumberland Head,Benthic Sled,Benthic,N,11
759,11/14/13,18:24,Cumberland Head,Benthic Sled,Benthic,N,11
760,11/14/13,18:24,Cumberland Head,Benthic Sled,Benthic,N,10
761,11/14/13,18:24,Cumberland Head,Benthic Sled,Benthic,N,10
762,11/14/13,18:24,Cumberland Head,Benthic Sled,Benthic,N,10
763,11/14/13,18:24,Cumberland Head,Benthic Sled,Benthic,N,12
764,11/14/13,18:24,Cumberland Head,Benthic Sled,Benthic,N,13
765,11/14/13,18:24,Cumberland Head,Benthic Sled,Benthic,N,14
766,11/14/13,18:24,Cumberland Head,Benthic Sled,Benthic,N,14
767,11/14/13,18:24,Cumberland Head,Benthic Sled,Benthic,N,12
768,11/14/13,18:24,Cumberland Head,Benthic Sled,Benthic,N,10
769,11/14/13,18:24,Cumberland Head,Benthic Sled,Benthic,N,11
770,11/14/13,18:24,Cumberland Head,Benthic Sled,Benthic,N,12
771,11/14/13,18:24,Cumberland Head,Benthic Sled,Benthic,N,11
772,11/14/13,18:24,Cumberland Head,Benthic Sled,Benthic,N,13
773,11/14/13,18:24,Cumberland Head,Benthic Sled,Benthic,N,13
774,11/14/13,18:24,Cumberland Head,Benthic Sled,Benthic,N,13
775,11/14/13,18:24,Cumberland Head,Benthic Sled,Benthic,N,13
776,11/14/13,18:24,Cumberland Head,Benthic Sled,Benthic,N,11
777,11/14/13,18:24,Cumberland Head,Benthic Sled,Benthic,N,10
778,11/14/13,18:24,Cumberland Head,Benthic Sled,Benthic,N,12
779,11/14/13,18:24,Cumberland Head,Benthic Sled,Benthic,N,8
780,11/14/13,18:24,Cumberland Head,Benthic Sled,Benthic,N,11
781,11/14/13,18:24,Cumberland Head,Benthic Sled,Benthic,N,9
782,11/14/13,18:24,Cumberland Head,Benthic Sled,Benthic,N,11
783,11/14/13,18:24,Cumberland Head,Benthic Sled,Benthic,N,11
784,11/14/13,18:24,Cumberland Head,Benthic Sled,Benthic,N,12
785,11/14/13,18:24,Cumberland Head,Benthic Sled,Benthic,N,13
786,11/14/13,18:24,Cumberland Head,Benthic Sled,Benthic,N,11
787,11/14/13,18:24,Cumberland Head,Benthic Sled,Benthic,N,10
788,11/14/13,18:24,Cumberland Head,Benthic Sled,Benthic,N,12
789,11/14/13,18:24,Cumberland Head,Benthic Sled,Benthic,N,10
790,11/14/13,18:24,Cumberland Head,Benthic Sled,Benthic,N,11
791,11/14/13,18:24,Cumberland Head,Benthic Sled,Benthic,Y,17
792,11/14/13,18:24,Cumberland Head,Benthic Sled,Benthic,N,14
793,11/14/13,18:24,Cumberland Head,Benthic Sled,Benthic,N,13
794,11/14/13,18:24,Cumberland Head,Benthic Sled,Benthic,N,11
795,11/14/13,18:24,Cumberland Head,Benthic Sled,Benthic,N,13
796,11/14/13,18:24,Cumberland Head,Benthic Sled,Benthic,N,15
797,11/14/13,18:24,Cumberland Head,Benthic Sled,Benthic,N,10
798,11/14/13,18:24,Cumberland Head,Benthic Sled,Benthic,N,11
799,11/14/13,18:24,Cumberland Head,Benthic Sled,Benthic,N,10
800,11/14/13,18:24,Cumberland Head,Benthic Sled,Benthic,N,13
801,11/14/13,23:10,Main Site,Tucker Trawl,Pelagic,N,13
802,11/14/13,23:10,Main Site,Tucker Trawl,Pelagic,N,13
803,11/14/13,23:10,Main Site,Tucker Trawl,Pelagic,N,10
804,11/14/13,23:10,Main Site,Tucker Trawl,Pelagic,N,11
805,11/14/13,23:10,Main Site,Tucker Trawl,Pelagic,N,10
806,11/14/13,23:10,Main Site,Tucker Trawl,Pelagic,N,15
807,11/14/13,23:10,Main Site,Tucker Trawl,Pelagic,Y,15
808,11/14/13,23:10,Main Site,Tucker Trawl,Pelagic,N,16
809,11/14/13,23:10,Main Site,Tucker Trawl,Pelagic,N,13
810,11/14/13,23:10,Main Site,Tucker Trawl,Pelagic,Y,17
811,11/14/13,23:10,Main Site,Tucker Trawl,Pelagic,N,15
812,11/14/13,23:10,Main Site,Tucker Trawl,Pelagic,N,14
813,11/14/13,23:10,Main Site,Tucker Trawl,Pelagic,N,12
814,11/14/13,23:10,Main Site,Tucker Trawl,Pelagic,N,15
815,11/14/13,23:10,Main Site,Tucker Trawl,Pelagic,N,15
816,11/14/13,23:10,Main Site,Tucker Trawl,Pelagic,Y,15
817,11/14/13,23:10,Main Site,Tucker Trawl,Pelagic,N,18
818,11/14/13,23:10,Main Site,Tucker Trawl,Pelagic,N,14
819,11/14/13,23:10,Main Site,Tucker Trawl,Pelagic,N,9
820,11/14/13,23:10,Main Site,Tucker Trawl,Pelagic,N,17
821,11/14/13,23:10,Main Site,Tucker Trawl,Pelagic,N,12
822,11/14/13,23:10,Main Site,Tucker Trawl,Pelagic,N,11
823,11/14/13,23:10,Main Site,Tucker Trawl,Pelagic,N,13
824,11/14/13,23:10,Main Site,Tucker Trawl,Pelagic,N,21
825,11/14/13,23:10,Main Site,Tucker Trawl,Pelagic,Y,17
826,11/14/13,23:10,Main Site,Tucker Trawl,Pelagic,N,13
827,11/14/13,23:10,Main Site,Tucker Trawl,Pelagic,N,22
828,11/14/13,23:10,Main Site,Tucker Trawl,Pelagic,N,14
829,11/14/13,23:10,Main Site,Tucker Trawl,Pelagic,N,17
830,11/14/13,23:10,Main Site,Tucker Trawl,Pelagic,N,18
831,11/14/13,23:10,Main Site,Tucker Trawl,Pelagic,N,14
832,11/14/13,23:10,Main Site,Tucker Trawl,Pelagic,N,17
833,11/14/13,23:10,Main Site,Tucker Trawl,Pelagic,N,10
834,11/14/13,23:10,Main Site,Tucker Trawl,Pelagic,N,16
835,11/14/13,23:10,Main Site,Tucker Trawl,Pelagic,N,17
836,11/14/13,23:10,Main Site,Tucker Trawl,Pelagic,N,11
837,11/14/13,23:10,Main Site,Tucker Trawl,Pelagic,N,12
838,11/14/13,23:10,Main Site,Tucker Trawl,Pelagic,N,19
839,11/14/13,23:10,Main Site,Tucker Trawl,Pelagic,N,11
840,11/14/13,23:10,Main Site,Tucker Trawl,Pelagic,N,13
841,11/14/13,23:10,Main Site,Tucker Trawl,Pelagic,N,13
842,11/14/13,23:10,Main Site,Tucker Trawl,Pelagic,N,10
843,11/14/13,23:10,Main Site,Tucker Trawl,Pelagic,N,13
844,11/14/13,23:10,Main Site,Tucker Trawl,Pelagic,Y,18
845,11/14/13,23:10,Main Site,Tucker Trawl,Pelagic,N,14
846,11/14/13,23:10,Main Site,Tucker Trawl,Pelagic,N,16
847,11/14/13,23:10,Main Site,Tucker Trawl,Pelagic,Y,19
848,11/14/13,23:10,Main Site,Tucker Trawl,Pelagic,Y,16
849,11/14/13,23:10,Main Site,Tucker Trawl,Pelagic,Y,14
850,11/14/13,23:10,Main Site,Tucker Trawl,Pelagic,N,14
851,11/14/13,23:10,Main Site,Tucker Trawl,Pelagic,N,13
852,11/14/13,23:10,Main Site,Tucker Trawl,Pelagic,N,15
853,11/14/13,23:10,Main Site,Tucker Trawl,Pelagic,N,13
854,11/14/13,23:10,Main Site,Tucker Trawl,Pelagic,N,14
855,11/14/13,23:10,Main Site,Tucker Trawl,Pelagic,N,12
856,11/14/13,23:10,Main Site,Tucker Trawl,Pelagic,N,13
857,11/14/13,23:10,Main Site,Tucker Trawl,Pelagic,Y,18
858,11/14/13,23:10,Main Site,Tucker Trawl,Pelagic,N,16
859,11/14/13,23:10,Main Site,Tucker Trawl,Pelagic,N,16
860,11/14/13,23:10,Main Site,Tucker Trawl,Pelagic,N,16
861,11/14/13,23:10,Main Site,Tucker Trawl,Pelagic,N,14
862,11/14/13,23:10,Main Site,Tucker Trawl,Pelagic,N,13
863,11/14/13,23:10,Main Site,Tucker Trawl,Pelagic,N,11
864,11/14/13,23:10,Main Site,Tucker Trawl,Pelagic,N,17
865,11/14/13,23:10,Main Site,Tucker Trawl,Pelagic,N,15
866,11/14/13,23:10,Main Site,Tucker Trawl,Pelagic,N,13
867,11/14/13,23:10,Main Site,Tucker Trawl,Pelagic,N,10
868,11/14/13,23:10,Main Site,Tucker Trawl,Pelagic,N,13
869,11/14/13,23:10,Main Site,Tucker Trawl,Pelagic,N,14
870,11/14/13,23:10,Main Site,Tucker Trawl,Pelagic,N,11
871,11/14/13,23:10,Main Site,Tucker Trawl,Pelagic,N,15
872,11/14/13,23:10,Main Site,Tucker Trawl,Pelagic,N,11
873,11/14/13,23:10,Main Site,Tucker Trawl,Pelagic,N,16
874,11/14/13,23:10,Main Site,Tucker Trawl,Pelagic,N,18
875,11/14/13,23:10,Main Site,Tucker Trawl,Pelagic,N,14
876,11/14/13,23:10,Main Site,Tucker Trawl,Pelagic,N,10
877,11/14/13,23:10,Main Site,Tucker Trawl,Pelagic,N,11
878,11/14/13,23:10,Main Site,Tucker Trawl,Pelagic,N,13
879,11/14/13,23:10,Main Site,Tucker Trawl,Pelagic,N,18
880,11/14/13,23:10,Main Site,Tucker Trawl,Pelagic,N,12
881,11/14/13,23:10,Main Site,Tucker Trawl,Pelagic,N,12
882,11/14/13,23:10,Main Site,Tucker Trawl,Pelagic,Y,16
883,11/14/13,23:10,Main Site,Tucker Trawl,Pelagic,N,8
884,11/14/13,23:10,Main Site,Tucker Trawl,Pelagic,N,9
885,11/14/13,23:10,Main Site,Tucker Trawl,Pelagic,N,10
886,11/14/13,23:10,Main Site,Tucker Trawl,Pelagic,N,15
887,11/14/13,23:10,Main Site,Tucker Trawl,Pelagic,N,11
888,11/14/13,23:10,Main Site,Tucker Trawl,Pelagic,N,15
889,11/14/13,23:10,Main Site,Tucker Trawl,Pelagic,N,8
890,11/14/13,23:10,Main Site,Tucker Trawl,Pelagic,N,13
891,11/14/13,23:10,Main Site,Tucker Trawl,Pelagic,N,11
892,11/14/13,23:10,Main Site,Tucker Trawl,Pelagic,N,12
893,11/14/13,23:10,Main Site,Tucker Trawl,Pelagic,N,10
894,11/14/13,23:10,Main Site,Tucker Trawl,Pelagic,N,13
895,11/14/13,23:10,Main Site,Tucker Trawl,Pelagic,N,16
896,11/14/13,23:10,Main Site,Tucker Trawl,Pelagic,N,16
897,11/14/13,23:10,Main Site,Tucker Trawl,Pelagic,N,13
898,11/14/13,23:10,Main Site,Tucker Trawl,Pelagic,N,16
899,11/14/13,23:10,Main Site,Tucker Trawl,Pelagic,N,14
900,11/14/13,23:10,Main Site,Tucker Trawl,Pelagic,N,10
901,11/15/13,1:36,Main Site,Benthic Sled,Benthic,N,15
902,11/15/13,1:36,Main Site,Benthic Sled,Benthic,N,13
903,11/15/13,1:36,Main Site,Benthic Sled,Benthic,Y,18
904,11/15/13,1:36,Main Site,Benthic Sled,Benthic,N,19
905,11/15/13,1:36,Main Site,Benthic Sled,Benthic,Y,17
906,11/15/13,1:36,Main Site,Benthic Sled,Benthic,N,18
907,11/15/13,1:36,Main Site,Benthic Sled,Benthic,N,15
908,11/15/13,1:36,Main Site,Benthic Sled,Benthic,N,15
909,11/15/13,1:36,Main Site,Benthic Sled,Benthic,Y,16
910,11/15/13,1:36,Main Site,Benthic Sled,Benthic,N,14
911,11/15/13,1:36,Main Site,Benthic Sled,Benthic,N,14
912,11/15/13,1:36,Main Site,Benthic Sled,Benthic,Y,20
913,11/15/13,1:36,Main Site,Benthic Sled,Benthic,N,15
914,11/15/13,1:36,Main Site,Benthic Sled,Benthic,Y,14
915,11/15/13,1:36,Main Site,Benthic Sled,Benthic,Y,20
916,11/15/13,1:36,Main Site,Benthic Sled,Benthic,N,12
917,11/15/13,1:36,Main Site,Benthic Sled,Benthic,Y,20
918,11/15/13,1:36,Main Site,Benthic Sled,Benthic,Y,15
919,11/15/13,1:36,Main Site,Benthic Sled,Benthic,Y,15
920,11/15/13,1:36,Main Site,Benthic Sled,Benthic,N,18
921,11/15/13,1:36,Main Site,Benthic Sled,Benthic,Y,18
922,11/15/13,1:36,Main Site,Benthic Sled,Benthic,Y,17
923,11/15/13,1:36,Main Site,Benthic Sled,Benthic,Y,15
924,11/15/13,1:36,Main Site,Benthic Sled,Benthic,N,13
925,11/15/13,1:36,Main Site,Benthic Sled,Benthic,N,14
926,11/15/13,1:36,Main Site,Benthic Sled,Benthic,N,16
927,11/15/13,1:36,Main Site,Benthic Sled,Benthic,N,16
928,11/15/13,1:36,Main Site,Benthic Sled,Benthic,N,11
929,11/15/13,1:36,Main Site,Benthic Sled,Benthic,N,14
930,11/15/13,1:36,Main Site,Benthic Sled,Benthic,N,16
931,11/15/13,1:36,Main Site,Benthic Sled,Benthic,Y,18
932,11/15/13,1:36,Main Site,Benthic Sled,Benthic,N,15
933,11/15/13,1:36,Main Site,Benthic Sled,Benthic,Y,21
934,11/15/13,1:36,Main Site,Benthic Sled,Benthic,N,14
935,11/15/13,1:36,Main Site,Benthic Sled,Benthic,N,14
936,11/15/13,1:36,Main Site,Benthic Sled,Benthic,Y,18
937,11/15/13,1:36,Main Site,Benthic Sled,Benthic,N,15
938,11/15/13,1:36,Main Site,Benthic Sled,Benthic,N,14
939,11/15/13,1:36,Main Site,Benthic Sled,Benthic,Y,18
940,11/15/13,1:36,Main Site,Benthic Sled,Benthic,Y,20
941,11/15/13,1:36,Main Site,Benthic Sled,Benthic,N,15
942,11/15/13,1:36,Main Site,Benthic Sled,Benthic,Y,19
943,11/15/13,1:36,Main Site,Benthic Sled,Benthic,N,13
944,11/15/13,1:36,Main Site,Benthic Sled,Benthic,N,14
945,11/15/13,1:36,Main Site,Benthic Sled,Benthic,N,14
946,11/15/13,1:36,Main Site,Benthic Sled,Benthic,N,16
947,11/15/13,1:36,Main Site,Benthic Sled,Benthic,N,11
948,11/15/13,1:36,Main Site,Benthic Sled,Benthic,N,16
949,11/15/13,1:36,Main Site,Benthic Sled,Benthic,N,18
950,11/15/13,1:36,Main Site,Benthic Sled,Benthic,Y,15
951,11/15/13,1:36,Main Site,Benthic Sled,Benthic,N,14
952,11/15/13,1:36,Main Site,Benthic Sled,Benthic,N,14
953,11/15/13,1:36,Main Site,Benthic Sled,Benthic,N,14
954,11/15/13,1:36,Main Site,Benthic Sled,Benthic,Y,20
955,11/15/13,1:36,Main Site,Benthic Sled,Benthic,N,13
956,11/15/13,1:36,Main Site,Benthic Sled,Benthic,N,13
957,11/15/13,1:36,Main Site,Benthic Sled,Benthic,N,8
958,11/15/13,1:36,Main Site,Benthic Sled,Benthic,N,12
959,11/15/13,1:36,Main Site,Benthic Sled,Benthic,N,16
960,11/15/13,1:36,Main Site,Benthic Sled,Benthic,N,12
961,11/15/13,1:36,Main Site,Benthic Sled,Benthic,N,17
962,11/15/13,1:36,Main Site,Benthic Sled,Benthic,N,13
963,11/15/13,1:36,Main Site,Benthic Sled,Benthic,N,13
964,11/15/13,1:36,Main Site,Benthic Sled,Benthic,N,12
965,11/15/13,1:36,Main Site,Benthic Sled,Benthic,Y,19
966,11/15/13,1:36,Main Site,Benthic Sled,Benthic,N,13
967,11/15/13,1:36,Main Site,Benthic Sled,Benthic,N,13
968,11/15/13,1:36,Main Site,Benthic Sled,Benthic,N,18
969,11/15/13,1:36,Main Site,Benthic Sled,Benthic,N,15
970,11/15/13,1:36,Main Site,Benthic Sled,Benthic,N,11
971,11/15/13,1:36,Main Site,Benthic Sled,Benthic,N,13
972,11/15/13,1:36,Main Site,Benthic Sled,Benthic,N,16
973,11/15/13,1:36,Main Site,Benthic Sled,Benthic,N,14
974,11/15/13,1:36,Main Site,Benthic Sled,Benthic,N,10
975,11/15/13,1:36,Main Site,Benthic Sled,Benthic,N,17
976,11/15/13,1:36,Main Site,Benthic Sled,Benthic,N,15
977,11/15/13,1:36,Main Site,Benthic Sled,Benthic,N,13
978,11/15/13,1:36,Main Site,Benthic Sled,Benthic,N,16
979,11/15/13,1:36,Main Site,Benthic Sled,Benthic,Y,17
980,11/15/13,1:36,Main Site,Benthic Sled,Benthic,N,16
981,11/15/13,1:36,Main Site,Benthic Sled,Benthic,N,12
982,11/15/13,1:36,Main Site,Benthic Sled,Benthic,Y,17
983,11/15/13,1:36,Main Site,Benthic Sled,Benthic,N,16
984,11/15/13,1:36,Main Site,Benthic Sled,Benthic,N,12
985,11/15/13,1:36,Main Site,Benthic Sled,Benthic,N,14
986,11/15/13,1:36,Main Site,Benthic Sled,Benthic,N,10
987,11/15/13,1:36,Main Site,Benthic Sled,Benthic,N,14
988,11/15/13,1:36,Main Site,Benthic Sled,Benthic,Y,19
989,11/15/13,1:36,Main Site,Benthic Sled,Benthic,N,13
990,11/15/13,1:36,Main Site,Benthic Sled,Benthic,N,16
991,11/15/13,1:36,Main Site,Benthic Sled,Benthic,N,14
992,11/15/13,1:36,Main Site,Benthic Sled,Benthic,N,17
993,11/15/13,1:36,Main Site,Benthic Sled,Benthic,N,13
994,11/15/13,1:36,Main Site,Benthic Sled,Benthic,N,13
995,11/15/13,1:36,Main Site,Benthic Sled,Benthic,N,14
996,11/15/13,1:36,Main Site,Benthic Sled,Benthic,N,16
997,11/15/13,1:36,Main Site,Benthic Sled,Benthic,Y,17
998,11/15/13,1:36,Main Site,Benthic Sled,Benthic,N,15
999,11/15/13,1:36,Main Site,Benthic Sled,Benthic,N,18
1000,11/15/13,1:36,Main Site,Benthic Sled,Benthic,N,9
1001,11/19/13,22:24,Main Site,Benthic Sled,Benthic,N,13
1002,11/19/13,22:24,Main Site,Benthic Sled,Benthic,N,14
1003,11/19/13,22:24,Main Site,Benthic Sled,Benthic,N,15
1004,11/19/13,22:24,Main Site,Benthic Sled,Benthic,N,16
1005,11/19/13,22:24,Main Site,Benthic Sled,Benthic,N,14
1006,11/19/13,22:24,Main Site,Benthic Sled,Benthic,Y,18
1007,11/19/13,22:24,Main Site,Benthic Sled,Benthic,Y,16
1008,11/19/13,22:24,Main Site,Benthic Sled,Benthic,N,14
1009,11/19/13,22:24,Main Site,Benthic Sled,Benthic,N,16
1010,11/19/13,22:24,Main Site,Benthic Sled,Benthic,Y,15
1011,11/19/13,22:24,Main Site,Benthic Sled,Benthic,N,15
1012,11/19/13,22:24,Main Site,Benthic Sled,Benthic,N,12
1013,11/19/13,22:24,Main Site,Benthic Sled,Benthic,Y,20
1014,11/19/13,22:24,Main Site,Benthic Sled,Benthic,N,15
1015,11/19/13,22:24,Main Site,Benthic Sled,Benthic,N,9
1016,11/19/13,22:24,Main Site,Benthic Sled,Benthic,Y,19
1017,11/19/13,22:24,Main Site,Benthic Sled,Benthic,N,18
1018,11/19/13,22:24,Main Site,Benthic Sled,Benthic,Y,18
1019,11/19/13,22:24,Main Site,Benthic Sled,Benthic,N,12
1020,11/19/13,22:24,Main Site,Benthic Sled,Benthic,Y,18
1021,11/19/13,22:24,Main Site,Benthic Sled,Benthic,Y,16
1022,11/19/13,22:24,Main Site,Benthic Sled,Benthic,N,10
1023,11/19/13,22:24,Main Site,Benthic Sled,Benthic,N,14
1024,11/19/13,22:24,Main Site,Benthic Sled,Benthic,N,15
1025,11/19/13,22:24,Main Site,Benthic Sled,Benthic,N,10
1026,11/19/13,22:24,Main Site,Benthic Sled,Benthic,Y,16
1027,11/19/13,22:24,Main Site,Benthic Sled,Benthic,Y,15
1028,11/19/13,22:24,Main Site,Benthic Sled,Benthic,N,13
1029,11/19/13,22:24,Main Site,Benthic Sled,Benthic,N,13
1030,11/19/13,22:24,Main Site,Benthic Sled,Benthic,Y,17
1031,11/19/13,22:24,Main Site,Benthic Sled,Benthic,N,16
1032,11/19/13,22:24,Main Site,Benthic Sled,Benthic,N,15
1033,11/19/13,22:24,Main Site,Benthic Sled,Benthic,Y,18
1034,11/19/13,22:24,Main Site,Benthic Sled,Benthic,N,12
1035,11/19/13,22:24,Main Site,Benthic Sled,Benthic,N,15
1036,11/19/13,22:24,Main Site,Benthic Sled,Benthic,Y,20
1037,11/19/13,22:24,Main Site,Benthic Sled,Benthic,Y,17
1038,11/19/13,22:24,Main Site,Benthic Sled,Benthic,N,11
1039,11/19/13,22:24,Main Site,Benthic Sled,Benthic,N,14
1040,11/19/13,22:24,Main Site,Benthic Sled,Benthic,N,15
1041,11/19/13,22:24,Main Site,Benthic Sled,Benthic,N,16
1042,11/19/13,22:24,Main Site,Benthic Sled,Benthic,N,15
1043,11/19/13,22:24,Main Site,Benthic Sled,Benthic,Y,15
1044,11/19/13,22:24,Main Site,Benthic Sled,Benthic,Y,16
1045,11/19/13,22:24,Main Site,Benthic Sled,Benthic,N,15
1046,11/19/13,22:24,Main Site,Benthic Sled,Benthic,Y,17
1047,11/19/13,22:24,Main Site,Benthic Sled,Benthic,N,12
1048,11/19/13,22:24,Main Site,Benthic Sled,Benthic,N,17
1049,11/19/13,22:24,Main Site,Benthic Sled,Benthic,N,10
1050,11/19/13,22:24,Main Site,Benthic Sled,Benthic,N,14
1051,11/19/13,22:24,Main Site,Benthic Sled,Benthic,N,12
1052,11/19/13,22:24,Main Site,Benthic Sled,Benthic,Y,15
1053,11/19/13,22:24,Main Site,Benthic Sled,Benthic,Y,17
1054,11/19/13,22:24,Main Site,Benthic Sled,Benthic,N,13
1055,11/19/13,22:24,Main Site,Benthic Sled,Benthic,N,14
1056,11/19/13,22:24,Main Site,Benthic Sled,Benthic,N,10
1057,11/19/13,22:24,Main Site,Benthic Sled,Benthic,N,10
1058,11/19/13,22:24,Main Site,Benthic Sled,Benthic,N,11
1059,11/19/13,22:24,Main Site,Benthic Sled,Benthic,N,14
1060,11/19/13,22:24,Main Site,Benthic Sled,Benthic,N,9
1061,11/19/13,22:24,Main Site,Benthic Sled,Benthic,N,10
1062,11/19/13,22:24,Main Site,Benthic Sled,Benthic,N,12
1063,11/19/13,22:24,Main Site,Benthic Sled,Benthic,N,11
1064,11/19/13,22:24,Main Site,Benthic Sled,Benthic,N,14
1065,11/19/13,22:24,Main Site,Benthic Sled,Benthic,N,12
1066,11/19/13,22:24,Main Site,Benthic Sled,Benthic,N,11
1067,11/19/13,22:24,Main Site,Benthic Sled,Benthic,N,11
1068,11/19/13,22:24,Main Site,Benthic Sled,Benthic,N,14
1069,11/19/13,22:24,Main Site,Benthic Sled,Benthic,N,12
1070,11/19/13,22:24,Main Site,Benthic Sled,Benthic,N,15
1071,11/19/13,22:24,Main Site,Benthic Sled,Benthic,N,13
1072,11/19/13,22:24,Main Site,Benthic Sled,Benthic,N,13
1073,11/19/13,22:24,Main Site,Benthic Sled,Benthic,Y,19
1074,11/19/13,22:24,Main Site,Benthic Sled,Benthic,Y,15
1075,11/19/13,22:24,Main Site,Benthic Sled,Benthic,N,16
1076,11/19/13,22:24,Main Site,Benthic Sled,Benthic,Y,19
1077,11/19/13,22:24,Main Site,Benthic Sled,Benthic,Y,17
1078,11/19/13,22:24,Main Site,Benthic Sled,Benthic,Y,20
1079,11/19/13,22:24,Main Site,Benthic Sled,Benthic,N,13
1080,11/19/13,22:24,Main Site,Benthic Sled,Benthic,N,13
1081,11/19/13,22:24,Main Site,Benthic Sled,Benthic,Y,17
1082,11/19/13,22:24,Main Site,Benthic Sled,Benthic,Y,20
1083,11/19/13,22:24,Main Site,Benthic Sled,Benthic,Y,16
1084,11/19/13,22:24,Main Site,Benthic Sled,Benthic,N,10
1085,11/19/13,22:24,Main Site,Benthic Sled,Benthic,N,15
1086,11/19/13,22:24,Main Site,Benthic Sled,Benthic,Y,16
1087,11/19/13,22:24,Main Site,Benthic Sled,Benthic,Y,16
1088,11/19/13,22:24,Main Site,Benthic Sled,Benthic,Y,15
1089,11/19/13,22:24,Main Site,Benthic Sled,Benthic,N,16
1090,11/19/13,22:24,Main Site,Benthic Sled,Benthic,N,11
1091,11/19/13,22:24,Main Site,Benthic Sled,Benthic,N,9
1092,11/19/13,22:24,Main Site,Benthic Sled,Benthic,N,11
1093,11/19/13,22:24,Main Site,Benthic Sled,Benthic,N,10
1094,11/19/13,22:24,Main Site,Benthic Sled,Benthic,N,9
1095,11/19/13,22:24,Main Site,Benthic Sled,Benthic,N,13
1096,11/19/13,22:24,Main Site,Benthic Sled,Benthic,Y,18
1097,11/19/13,22:24,Main Site,Benthic Sled,Benthic,N,14
1098,11/19/13,22:24,Main Site,Benthic Sled,Benthic,Y,18
1099,11/19/13,22:24,Main Site,Benthic Sled,Benthic,Y,15
1100,11/19/13,22:24,Main Site,Benthic Sled,Benthic,N,12
1101,11/19/13,23:01,Main Site,Tucker Trawl,Pelagic,Y,19
1102,11/19/13,23:01,Main Site,Tucker Trawl,Pelagic,Y,18
1103,11/19/13,23:01,Main Site,Tucker Trawl,Pelagic,N,14
1104,11/19/13,23:01,Main Site,Tucker Trawl,Pelagic,N,16
1105,11/19/13,23:01,Main Site,Tucker Trawl,Pelagic,N,14
1106,11/19/13,23:01,Main Site,Tucker Trawl,Pelagic,Y,15
1107,11/19/13,23:01,Main Site,Tucker Trawl,Pelagic,Y,16
1108,11/19/13,23:01,Main Site,Tucker Trawl,Pelagic,N,15
1109,11/19/13,23:01,Main Site,Tucker Trawl,Pelagic,N,14
1110,11/19/13,23:01,Main Site,Tucker Trawl,Pelagic,N,11
1111,11/19/13,23:01,Main Site,Tucker Trawl,Pelagic,Y,15
1112,11/19/13,23:01,Main Site,Tucker Trawl,Pelagic,N,9
1113,11/19/13,23:01,Main Site,Tucker Trawl,Pelagic,N,14
1114,11/19/13,23:01,Main Site,Tucker Trawl,Pelagic,Y,16
1115,11/19/13,23:01,Main Site,Tucker Trawl,Pelagic,N,14
1116,11/19/13,23:01,Main Site,Tucker Trawl,Pelagic,N,11
1117,11/19/13,23:01,Main Site,Tucker Trawl,Pelagic,Y,17
1118,11/19/13,23:01,Main Site,Tucker Trawl,Pelagic,N,16
1119,11/19/13,23:01,Main Site,Tucker Trawl,Pelagic,N,16
1120,11/19/13,23:01,Main Site,Tucker Trawl,Pelagic,N,13
1121,11/19/13,23:01,Main Site,Tucker Trawl,Pelagic,N,11
1122,11/19/13,23:01,Main Site,Tucker Trawl,Pelagic,N,12
1123,11/19/13,23:01,Main Site,Tucker Trawl,Pelagic,N,15
1124,11/19/13,23:01,Main Site,Tucker Trawl,Pelagic,Y,19
1125,11/19/13,23:01,Main Site,Tucker Trawl,Pelagic,N,17
1126,11/19/13,23:01,Main Site,Tucker Trawl,Pelagic,N,17
1127,11/19/13,23:01,Main Site,Tucker Trawl,Pelagic,N,14
1128,11/19/13,23:01,Main Site,Tucker Trawl,Pelagic,N,13
1129,11/19/13,23:01,Main Site,Tucker Trawl,Pelagic,Y,19
1130,11/19/13,23:01,Main Site,Tucker Trawl,Pelagic,N,13
1131,11/19/13,23:01,Main Site,Tucker Trawl,Pelagic,N,14
1132,11/19/13,23:01,Main Site,Tucker Trawl,Pelagic,N,14
1133,11/19/13,23:01,Main Site,Tucker Trawl,Pelagic,Y,18
1134,11/19/13,23:01,Main Site,Tucker Trawl,Pelagic,Y,18
1135,11/19/13,23:01,Main Site,Tucker Trawl,Pelagic,N,15
1136,11/19/13,23:01,Main Site,Tucker Trawl,Pelagic,Y,16
1137,11/19/13,23:01,Main Site,Tucker Trawl,Pelagic,N,11
1138,11/19/13,23:01,Main Site,Tucker Trawl,Pelagic,N,15
1139,11/19/13,23:01,Main Site,Tucker Trawl,Pelagic,N,17
1140,11/19/13,23:01,Main Site,Tucker Trawl,Pelagic,N,11
1141,11/19/13,23:01,Main Site,Tucker Trawl,Pelagic,N,15
1142,11/19/13,23:01,Main Site,Tucker Trawl,Pelagic,Y,16
1143,11/19/13,23:01,Main Site,Tucker Trawl,Pelagic,N,15
1144,11/19/13,23:01,Main Site,Tucker Trawl,Pelagic,N,11
1145,11/19/13,23:01,Main Site,Tucker Trawl,Pelagic,N,12
1146,11/19/13,23:01,Main Site,Tucker Trawl,Pelagic,N,13
1147,11/19/13,23:01,Main Site,Tucker Trawl,Pelagic,N,16
1148,11/19/13,23:01,Main Site,Tucker Trawl,Pelagic,N,12
1149,11/19/13,23:01,Main Site,Tucker Trawl,Pelagic,N,16
1150,11/19/13,23:01,Main Site,Tucker Trawl,Pelagic,Y,16
1151,11/19/13,23:01,Main Site,Tucker Trawl,Pelagic,N,20
1152,11/19/13,23:01,Main Site,Tucker Trawl,Pelagic,N,12
1153,11/19/13,23:01,Main Site,Tucker Trawl,Pelagic,N,14
1154,11/19/13,23:01,Main Site,Tucker Trawl,Pelagic,N,17
1155,11/19/13,23:01,Main Site,Tucker Trawl,Pelagic,N,12
1156,11/19/13,23:01,Main Site,Tucker Trawl,Pelagic,N,17
1157,11/19/13,23:01,Main Site,Tucker Trawl,Pelagic,Y,19
1158,11/19/13,23:01,Main Site,Tucker Trawl,Pelagic,N,10
1159,11/19/13,23:01,Main Site,Tucker Trawl,Pelagic,N,11
1160,11/19/13,23:01,Main Site,Tucker Trawl,Pelagic,N,15
1161,11/19/13,23:01,Main Site,Tucker Trawl,Pelagic,N,12
1162,11/19/13,23:01,Main Site,Tucker Trawl,Pelagic,N,14
1163,11/19/13,23:01,Main Site,Tucker Trawl,Pelagic,N,12
1164,11/19/13,23:01,Main Site,Tucker Trawl,Pelagic,N,10
1165,11/19/13,23:01,Main Site,Tucker Trawl,Pelagic,N,14
1166,11/19/13,23:01,Main Site,Tucker Trawl,Pelagic,N,15
1167,11/19/13,23:01,Main Site,Tucker Trawl,Pelagic,N,12
1168,11/19/13,23:01,Main Site,Tucker Trawl,Pelagic,N,11
1169,11/19/13,23:01,Main Site,Tucker Trawl,Pelagic,N,14
1170,11/19/13,23:01,Main Site,Tucker Trawl,Pelagic,N,17
1171,11/19/13,23:01,Main Site,Tucker Trawl,Pelagic,N,15
1172,11/19/13,23:01,Main Site,Tucker Trawl,Pelagic,N,11
1173,11/19/13,23:01,Main Site,Tucker Trawl,Pelagic,N,16
1174,11/19/13,23:01,Main Site,Tucker Trawl,Pelagic,N,9
1175,11/19/13,23:01,Main Site,Tucker Trawl,Pelagic,N,15
1176,11/19/13,23:01,Main Site,Tucker Trawl,Pelagic,N,12
1177,11/19/13,23:01,Main Site,Tucker Trawl,Pelagic,N,15
1178,11/19/13,23:01,Main Site,Tucker Trawl,Pelagic,Y,15
1179,11/19/13,23:01,Main Site,Tucker Trawl,Pelagic,N,14
1180,11/19/13,23:01,Main Site,Tucker Trawl,Pelagic,N,10
1181,11/19/13,23:01,Main Site,Tucker Trawl,Pelagic,N,11
1182,11/19/13,23:01,Main Site,Tucker Trawl,Pelagic,N,14
1183,11/19/13,23:01,Main Site,Tucker Trawl,Pelagic,N,13
1184,11/19/13,23:01,Main Site,Tucker Trawl,Pelagic,Y,20
1185,11/19/13,23:01,Main Site,Tucker Trawl,Pelagic,Y,16
1186,11/19/13,23:01,Main Site,Tucker Trawl,Pelagic,N,14
1187,11/19/13,23:01,Main Site,Tucker Trawl,Pelagic,N,9
1188,11/19/13,23:01,Main Site,Tucker Trawl,Pelagic,N,19
1189,11/19/13,23:01,Main Site,Tucker Trawl,Pelagic,N,9
1190,11/19/13,23:01,Main Site,Tucker Trawl,Pelagic,N,12
1191,11/19/13,23:01,Main Site,Tucker Trawl,Pelagic,N,10
1192,11/19/13,23:01,Main Site,Tucker Trawl,Pelagic,N,9
1193,11/19/13,23:01,Main Site,Tucker Trawl,Pelagic,N,19
1194,11/19/13,23:01,Main Site,Tucker Trawl,Pelagic,Y,18
1195,11/19/13,23:01,Main Site,Tucker Trawl,Pelagic,N,11
1196,11/19/13,23:01,Main Site,Tucker Trawl,Pelagic,N,14
1197,11/19/13,23:01,Main Site,Tucker Trawl,Pelagic,N,13
1198,11/19/13,23:01,Main Site,Tucker Trawl,Pelagic,N,15
1199,11/19/13,23:01,Main Site,Tucker Trawl,Pelagic,N,11
1200,11/19/13,23:01,Main Site,Tucker Trawl,Pelagic,N,9
1201,11/19/13,20:35,Cumberland Head,Benthic Sled,Benthic,N,10
1202,11/19/13,20:35,Cumberland Head,Benthic Sled,Benthic,N,13
1203,11/19/13,20:35,Cumberland Head,Benthic Sled,Benthic,N,12
1204,11/19/13,20:35,Cumberland Head,Benthic Sled,Benthic,N,11
1205,11/19/13,20:35,Cumberland Head,Benthic Sled,Benthic,Y,17
1206,11/19/13,20:35,Cumberland Head,Benthic Sled,Benthic,N,14
1207,11/19/13,20:35,Cumberland Head,Benthic Sled,Benthic,N,12
1208,11/19/13,20:35,Cumberland Head,Benthic Sled,Benthic,N,14
1209,11/19/13,20:35,Cumberland Head,Benthic Sled,Benthic,N,14
1210,11/19/13,20:35,Cumberland Head,Benthic Sled,Benthic,N,13
1211,11/19/13,20:35,Cumberland Head,Benthic Sled,Benthic,N,12
1212,11/19/13,20:35,Cumberland Head,Benthic Sled,Benthic,Y,17
1213,11/19/13,20:35,Cumberland Head,Benthic Sled,Benthic,N,10
1214,11/19/13,20:35,Cumberland Head,Benthic Sled,Benthic,N,15
1215,11/19/13,20:35,Cumberland Head,Benthic Sled,Benthic,N,9
1216,11/19/13,20:35,Cumberland Head,Benthic Sled,Benthic,N,13
1217,11/19/13,20:35,Cumberland Head,Benthic Sled,Benthic,N,13
1218,11/19/13,20:35,Cumberland Head,Benthic Sled,Benthic,N,11
1219,11/19/13,20:35,Cumberland Head,Benthic Sled,Benthic,N,12
1220,11/19/13,20:35,Cumberland Head,Benthic Sled,Benthic,N,11
1221,11/19/13,20:35,Cumberland Head,Benthic Sled,Benthic,N,12
1222,11/19/13,20:35,Cumberland Head,Benthic Sled,Benthic,N,12
1223,11/19/13,20:35,Cumberland Head,Benthic Sled,Benthic,N,8
1224,11/19/13,20:35,Cumberland Head,Benthic Sled,Benthic,N,13
1225,11/19/13,20:35,Cumberland Head,Benthic Sled,Benthic,N,13
1226,11/19/13,20:35,Cumberland Head,Benthic Sled,Benthic,N,13
1227,11/19/13,20:35,Cumberland Head,Benthic Sled,Benthic,N,9
1228,11/19/13,20:35,Cumberland Head,Benthic Sled,Benthic,N,12
1229,11/19/13,20:35,Cumberland Head,Benthic Sled,Benthic,N,15
1230,11/19/13,20:35,Cumberland Head,Benthic Sled,Benthic,N,10
1231,11/19/13,20:35,Cumberland Head,Benthic Sled,Benthic,N,12
1232,11/19/13,20:35,Cumberland Head,Benthic Sled,Benthic,N,13
1233,11/19/13,20:35,Cumberland Head,Benthic Sled,Benthic,N,11
1234,11/19/13,20:35,Cumberland Head,Benthic Sled,Benthic,N,12
1235,11/19/13,20:35,Cumberland Head,Benthic Sled,Benthic,N,13
1236,11/19/13,20:35,Cumberland Head,Benthic Sled,Benthic,N,12
1237,11/19/13,20:35,Cumberland Head,Benthic Sled,Benthic,N,11
1238,11/19/13,20:35,Cumberland Head,Benthic Sled,Benthic,N,13
1239,11/19/13,20:35,Cumberland Head,Benthic Sled,Benthic,N,12
1240,11/19/13,20:35,Cumberland Head,Benthic Sled,Benthic,N,13
1241,11/19/13,20:35,Cumberland Head,Benthic Sled,Benthic,N,11
1242,11/19/13,20:35,Cumberland Head,Benthic Sled,Benthic,N,15
1243,11/19/13,20:35,Cumberland Head,Benthic Sled,Benthic,N,11
1244,11/19/13,20:35,Cumberland Head,Benthic Sled,Benthic,Y,15
1245,11/19/13,20:35,Cumberland Head,Benthic Sled,Benthic,N,11
1246,11/19/13,20:35,Cumberland Head,Benthic Sled,Benthic,N,13
1247,11/19/13,20:35,Cumberland Head,Benthic Sled,Benthic,N,13
1248,11/19/13,20:35,Cumberland Head,Benthic Sled,Benthic,N,11
1249,11/19/13,20:35,Cumberland Head,Benthic Sled,Benthic,N,10
1250,11/19/13,20:35,Cumberland Head,Benthic Sled,Benthic,Y,16
1251,11/19/13,20:35,Cumberland Head,Benthic Sled,Benthic,N,11
1252,11/19/13,20:35,Cumberland Head,Benthic Sled,Benthic,N,11
1253,11/19/13,20:35,Cumberland Head,Benthic Sled,Benthic,N,15
1254,11/19/13,20:35,Cumberland Head,Benthic Sled,Benthic,N,12
1255,11/19/13,20:35,Cumberland Head,Benthic Sled,Benthic,N,15
1256,11/19/13,20:35,Cumberland Head,Benthic Sled,Benthic,N,12
1257,11/19/13,20:35,Cumberland Head,Benthic Sled,Benthic,N,12
1258,11/19/13,20:35,Cumberland Head,Benthic Sled,Benthic,N,14
1259,11/19/13,20:35,Cumberland Head,Benthic Sled,Benthic,Y,16
1260,11/19/13,20:35,Cumberland Head,Benthic Sled,Benthic,N,13
1261,11/19/13,20:35,Cumberland Head,Benthic Sled,Benthic,N,15
1262,11/19/13,20:35,Cumberland Head,Benthic Sled,Benthic,N,11
1263,11/19/13,20:35,Cumberland Head,Benthic Sled,Benthic,Y,18
1264,11/19/13,20:35,Cumberland Head,Benthic Sled,Benthic,N,11
1265,11/19/13,20:35,Cumberland Head,Benthic Sled,Benthic,N,17
1266,11/19/13,20:35,Cumberland Head,Benthic Sled,Benthic,N,15
1267,11/19/13,20:35,Cumberland Head,Benthic Sled,Benthic,N,11
1268,11/19/13,20:35,Cumberland Head,Benthic Sled,Benthic,Y,16
1269,11/19/13,20:35,Cumberland Head,Benthic Sled,Benthic,N,15
1270,11/19/13,20:35,Cumberland Head,Benthic Sled,Benthic,Y,17
1271,11/19/13,20:35,Cumberland Head,Benthic Sled,Benthic,N,11
1272,11/19/13,20:35,Cumberland Head,Benthic Sled,Benthic,N,12
1273,11/19/13,20:35,Cumberland Head,Benthic Sled,Benthic,Y,17
1274,11/19/13,20:35,Cumberland Head,Benthic Sled,Benthic,N,13
1275,11/19/13,20:35,Cumberland Head,Benthic Sled,Benthic,N,15
1276,11/19/13,20:35,Cumberland Head,Benthic Sled,Benthic,N,9
1277,11/19/13,20:35,Cumberland Head,Benthic Sled,Benthic,Y,17
1278,11/19/13,20:35,Cumberland Head,Benthic Sled,Benthic,N,13
1279,11/19/13,20:35,Cumberland Head,Benthic Sled,Benthic,N,11
1280,11/19/13,20:35,Cumberland Head,Benthic Sled,Benthic,Y,17
1281,11/19/13,20:35,Cumberland Head,Benthic Sled,Benthic,N,12
1282,11/19/13,20:35,Cumberland Head,Benthic Sled,Benthic,N,12
1283,11/19/13,20:35,Cumberland Head,Benthic Sled,Benthic,N,12
1284,11/19/13,20:35,Cumberland Head,Benthic Sled,Benthic,N,9
1285,11/19/13,20:35,Cumberland Head,Benthic Sled,Benthic,N,14
1286,11/19/13,20:35,Cumberland Head,Benthic Sled,Benthic,N,10
1287,11/19/13,20:35,Cumberland Head,Benthic Sled,Benthic,N,10
1288,11/19/13,20:35,Cumberland Head,Benthic Sled,Benthic,N,11
1289,11/19/13,20:35,Cumberland Head,Benthic Sled,Benthic,N,12
1290,11/19/13,20:35,Cumberland Head,Benthic Sled,Benthic,N,14
1291,11/19/13,20:35,Cumberland Head,Benthic Sled,Benthic,N,13
1292,11/19/13,20:35,Cumberland Head,Benthic Sled,Benthic,N,11
1293,11/19/13,20:35,Cumberland Head,Benthic Sled,Benthic,N,13
1294,11/19/13,20:35,Cumberland Head,Benthic Sled,Benthic,N,10
1295,11/19/13,20:35,Cumberland Head,Benthic Sled,Benthic,N,10
1296,11/19/13,20:35,Cumberland Head,Benthic Sled,Benthic,N,13
1297,11/19/13,20:35,Cumberland Head,Benthic Sled,Benthic,N,14
1298,11/19/13,20:35,Cumberland Head,Benthic Sled,Benthic,N,12
1299,11/19/13,20:35,Cumberland Head,Benthic Sled,Benthic,N,13
1300,11/19/13,20:35,Cumberland Head,Benthic Sled,Benthic,N,10
1301,11/19/13,18:13,Cumberland Head,Tucker Trawl,Pelagic,N,18
1302,11/19/13,18:13,Cumberland Head,Tucker Trawl,Pelagic,N,15
1303,11/19/13,18:13,Cumberland Head,Tucker Trawl,Pelagic,N,14
1304,11/19/13,18:13,Cumberland Head,Tucker Trawl,Pelagic,N,14
1305,11/19/13,18:13,Cumberland Head,Tucker Trawl,Pelagic,N,19
1306,11/19/13,18:13,Cumberland Head,Tucker Trawl,Pelagic,N,11
1307,11/19/13,18:13,Cumberland Head,Tucker Trawl,Pelagic,N,12
1308,11/19/13,18:13,Cumberland Head,Tucker Trawl,Pelagic,N,11
1309,11/19/13,18:13,Cumberland Head,Tucker Trawl,Pelagic,N,15
1310,11/19/13,18:13,Cumberland Head,Tucker Trawl,Pelagic,N,14
1311,11/19/13,18:13,Cumberland Head,Tucker Trawl,Pelagic,N,12
1312,11/19/13,18:13,Cumberland Head,Tucker Trawl,Pelagic,N,11
1313,11/19/13,18:13,Cumberland Head,Tucker Trawl,Pelagic,N,17
1314,11/19/13,18:13,Cumberland Head,Tucker Trawl,Pelagic,N,13
1315,11/19/13,18:13,Cumberland Head,Tucker Trawl,Pelagic,Y,16
1316,11/19/13,18:13,Cumberland Head,Tucker Trawl,Pelagic,N,12
1317,11/19/13,18:13,Cumberland Head,Tucker Trawl,Pelagic,N,15
1318,11/19/13,18:13,Cumberland Head,Tucker Trawl,Pelagic,N,12
1319,11/19/13,18:13,Cumberland Head,Tucker Trawl,Pelagic,N,14
1320,11/19/13,18:13,Cumberland Head,Tucker Trawl,Pelagic,N,10
1321,11/19/13,18:13,Cumberland Head,Tucker Trawl,Pelagic,Y,16
1322,11/19/13,18:13,Cumberland Head,Tucker Trawl,Pelagic,N,12
1323,11/19/13,18:13,Cumberland Head,Tucker Trawl,Pelagic,N,12
1324,11/19/13,18:13,Cumberland Head,Tucker Trawl,Pelagic,N,13
1325,11/19/13,18:13,Cumberland Head,Tucker Trawl,Pelagic,N,9
1326,11/19/13,18:13,Cumberland Head,Tucker Trawl,Pelagic,N,17
1327,11/19/13,18:13,Cumberland Head,Tucker Trawl,Pelagic,N,15
1328,11/19/13,18:13,Cumberland Head,Tucker Trawl,Pelagic,N,13
1329,11/19/13,18:13,Cumberland Head,Tucker Trawl,Pelagic,N,15
1330,11/19/13,18:13,Cumberland Head,Tucker Trawl,Pelagic,N,10
1331,11/19/13,18:13,Cumberland Head,Tucker Trawl,Pelagic,N,15
1332,11/19/13,18:13,Cumberland Head,Tucker Trawl,Pelagic,N,15
1333,11/19/13,18:13,Cumberland Head,Tucker Trawl,Pelagic,N,14
1334,11/19/13,18:13,Cumberland Head,Tucker Trawl,Pelagic,Y,17
1335,11/19/13,18:13,Cumberland Head,Tucker Trawl,Pelagic,N,15
1336,11/19/13,18:13,Cumberland Head,Tucker Trawl,Pelagic,N,12
1337,11/19/13,18:13,Cumberland Head,Tucker Trawl,Pelagic,N,13
1338,11/19/13,18:13,Cumberland Head,Tucker Trawl,Pelagic,N,12
1339,11/19/13,18:13,Cumberland Head,Tucker Trawl,Pelagic,N,11
1340,11/19/13,18:13,Cumberland Head,Tucker Trawl,Pelagic,N,14
1341,11/19/13,18:13,Cumberland Head,Tucker Trawl,Pelagic,N,13
1342,11/19/13,18:13,Cumberland Head,Tucker Trawl,Pelagic,N,12
1343,11/19/13,18:13,Cumberland Head,Tucker Trawl,Pelagic,N,12
1344,11/19/13,18:13,Cumberland Head,Tucker Trawl,Pelagic,N,15
1345,11/19/13,18:13,Cumberland Head,Tucker Trawl,Pelagic,N,13
1346,11/19/13,18:13,Cumberland Head,Tucker Trawl,Pelagic,N,13
1347,11/19/13,18:13,Cumberland Head,Tucker Trawl,Pelagic,N,13
1348,11/19/13,18:13,Cumberland Head,Tucker Trawl,Pelagic,N,15
1349,11/19/13,18:13,Cumberland Head,Tucker Trawl,Pelagic,N,13
1350,11/19/13,18:13,Cumberland Head,Tucker Trawl,Pelagic,N,11
1351,11/19/13,18:13,Cumberland Head,Tucker Trawl,Pelagic,N,10
1352,11/19/13,18:13,Cumberland Head,Tucker Trawl,Pelagic,N,12
1353,11/19/13,18:13,Cumberland Head,Tucker Trawl,Pelagic,N,14
1354,11/19/13,18:13,Cumberland Head,Tucker Trawl,Pelagic,N,11
1355,11/19/13,18:13,Cumberland Head,Tucker Trawl,Pelagic,N,13
1356,11/19/13,18:13,Cumberland Head,Tucker Trawl,Pelagic,N,12
1357,11/19/13,18:13,Cumberland Head,Tucker Trawl,Pelagic,N,12
1358,11/19/13,18:13,Cumberland Head,Tucker Trawl,Pelagic,N,13
1359,11/19/13,18:13,Cumberland Head,Tucker Trawl,Pelagic,N,14
1360,11/19/13,18:13,Cumberland Head,Tucker Trawl,Pelagic,N,16
1361,11/19/13,18:13,Cumberland Head,Tucker Trawl,Pelagic,N,12
1362,11/19/13,18:13,Cumberland Head,Tucker Trawl,Pelagic,N,13
1363,11/19/13,18:13,Cumberland Head,Tucker Trawl,Pelagic,N,12
1364,11/19/13,18:13,Cumberland Head,Tucker Trawl,Pelagic,Y,16
1365,11/19/13,18:13,Cumberland Head,Tucker Trawl,Pelagic,N,9
1366,11/19/13,18:13,Cumberland Head,Tucker Trawl,Pelagic,N,12
1367,11/19/13,18:13,Cumberland Head,Tucker Trawl,Pelagic,N,13
1368,11/19/13,18:13,Cumberland Head,Tucker Trawl,Pelagic,N,12
1369,11/19/13,18:13,Cumberland Head,Tucker Trawl,Pelagic,N,13
1370,11/19/13,18:13,Cumberland Head,Tucker Trawl,Pelagic,N,12
1371,11/19/13,18:13,Cumberland Head,Tucker Trawl,Pelagic,N,12
1372,11/19/13,18:13,Cumberland Head,Tucker Trawl,Pelagic,N,13
1373,11/19/13,18:13,Cumberland Head,Tucker Trawl,Pelagic,N,17
1374,11/19/13,18:13,Cumberland Head,Tucker Trawl,Pelagic,N,12
1375,11/19/13,18:13,Cumberland Head,Tucker Trawl,Pelagic,N,14
1376,11/19/13,18:13,Cumberland Head,Tucker Trawl,Pelagic,N,14
1377,11/19/13,18:13,Cumberland Head,Tucker Trawl,Pelagic,N,9
1378,11/19/13,18:13,Cumberland Head,Tucker Trawl,Pelagic,N,10
1379,11/19/13,18:13,Cumberland Head,Tucker Trawl,Pelagic,N,8
1380,11/19/13,18:13,Cumberland Head,Tucker Trawl,Pelagic,N,10
1381,11/19/13,18:13,Cumberland Head,Tucker Trawl,Pelagic,N,12
1382,11/19/13,18:13,Cumberland Head,Tucker Trawl,Pelagic,N,11
1383,11/19/13,18:13,Cumberland Head,Tucker Trawl,Pelagic,N,13
1384,11/19/13,18:13,Cumberland Head,Tucker Trawl,Pelagic,N,10
1385,11/19/13,18:13,Cumberland Head,Tucker Trawl,Pelagic,N,12
1386,11/19/13,18:13,Cumberland Head,Tucker Trawl,Pelagic,N,11
1387,11/19/13,18:13,Cumberland Head,Tucker Trawl,Pelagic,N,12
1388,11/19/13,18:13,Cumberland Head,Tucker Trawl,Pelagic,N,11
1389,11/19/13,18:13,Cumberland Head,Tucker Trawl,Pelagic,N,12
1390,11/19/13,18:13,Cumberland Head,Tucker Trawl,Pelagic,N,13
1391,11/19/13,18:13,Cumberland Head,Tucker Trawl,Pelagic,N,12
1392,11/19/13,18:13,Cumberland Head,Tucker Trawl,Pelagic,N,11
1393,11/19/13,18:13,Cumberland Head,Tucker Trawl,Pelagic,N,13
1394,11/19/13,18:13,Cumberland Head,Tucker Trawl,Pelagic,N,16
1395,11/19/13,18:13,Cumberland Head,Tucker Trawl,Pelagic,N,14
1396,11/19/13,18:13,Cumberland Head,Tucker Trawl,Pelagic,N,10
1397,11/19/13,18:13,Cumberland Head,Tucker Trawl,Pelagic,N,12
1398,11/19/13,18:13,Cumberland Head,Tucker Trawl,Pelagic,N,12
1399,11/19/13,18:13,Cumberland Head,Tucker Trawl,Pelagic,N,13
1400,11/19/13,18:13,Cumberland Head,Tucker Trawl,Pelagic,N,12
1401,11/20/13,18:24,Split Rock,Tucker Trawl,Pelagic,N,15
1402,11/20/13,18:24,Split Rock,Tucker Trawl,Pelagic,N,14
1403,11/20/13,18:24,Split Rock,Tucker Trawl,Pelagic,N,10
1404,11/20/13,18:24,Split Rock,Tucker Trawl,Pelagic,N,15
1405,11/20/13,18:24,Split Rock,Tucker Trawl,Pelagic,Y,15
1406,11/20/13,18:24,Split Rock,Tucker Trawl,Pelagic,N,15
1407,11/20/13,18:24,Split Rock,Tucker Trawl,Pelagic,N,15
1408,11/20/13,18:24,Split Rock,Tucker Trawl,Pelagic,N,14
1409,11/20/13,18:24,Split Rock,Tucker Trawl,Pelagic,N,16
1410,11/20/13,18:24,Split Rock,Tucker Trawl,Pelagic,N,14
1411,11/20/13,18:24,Split Rock,Tucker Trawl,Pelagic,Y,14
1412,11/20/13,18:24,Split Rock,Tucker Trawl,Pelagic,N,19
1413,11/20/13,18:24,Split Rock,Tucker Trawl,Pelagic,N,11
1414,11/20/13,18:24,Split Rock,Tucker Trawl,Pelagic,N,12
1415,11/20/13,18:24,Split Rock,Tucker Trawl,Pelagic,N,15
1416,11/20/13,18:24,Split Rock,Tucker Trawl,Pelagic,N,11
1417,11/20/13,18:24,Split Rock,Tucker Trawl,Pelagic,N,11
1418,11/20/13,18:24,Split Rock,Tucker Trawl,Pelagic,N,15
1419,11/20/13,18:24,Split Rock,Tucker Trawl,Pelagic,N,10
1420,11/20/13,18:24,Split Rock,Tucker Trawl,Pelagic,N,13
1421,11/20/13,18:24,Split Rock,Tucker Trawl,Pelagic,N,13
1422,11/20/13,18:24,Split Rock,Tucker Trawl,Pelagic,N,13
1423,11/20/13,18:24,Split Rock,Tucker Trawl,Pelagic,N,15
1424,11/20/13,18:24,Split Rock,Tucker Trawl,Pelagic,N,14
1425,11/20/13,18:24,Split Rock,Tucker Trawl,Pelagic,N,11
1426,11/20/13,18:24,Split Rock,Tucker Trawl,Pelagic,N,13
1427,11/20/13,18:24,Split Rock,Tucker Trawl,Pelagic,N,12
1428,11/20/13,18:24,Split Rock,Tucker Trawl,Pelagic,N,20
1429,11/20/13,18:24,Split Rock,Tucker Trawl,Pelagic,N,7
1430,11/20/13,18:24,Split Rock,Tucker Trawl,Pelagic,N,16
1431,11/20/13,18:24,Split Rock,Tucker Trawl,Pelagic,N,11
1432,11/20/13,18:24,Split Rock,Tucker Trawl,Pelagic,N,11
1433,11/20/13,18:24,Split Rock,Tucker Trawl,Pelagic,N,18
1434,11/20/13,18:24,Split Rock,Tucker Trawl,Pelagic,N,12
1435,11/20/13,18:24,Split Rock,Tucker Trawl,Pelagic,N,16
1436,11/20/13,18:24,Split Rock,Tucker Trawl,Pelagic,N,11
1437,11/20/13,18:24,Split Rock,Tucker Trawl,Pelagic,N,14
1438,11/20/13,18:24,Split Rock,Tucker Trawl,Pelagic,N,11
1439,11/20/13,18:24,Split Rock,Tucker Trawl,Pelagic,N,13
1440,11/20/13,18:24,Split Rock,Tucker Trawl,Pelagic,N,16
1441,11/20/13,18:24,Split Rock,Tucker Trawl,Pelagic,N,16
1442,11/20/13,18:24,Split Rock,Tucker Trawl,Pelagic,N,8
1443,11/20/13,18:24,Split Rock,Tucker Trawl,Pelagic,N,12
1444,11/20/13,18:24,Split Rock,Tucker Trawl,Pelagic,N,13
1445,11/20/13,18:24,Split Rock,Tucker Trawl,Pelagic,N,14
1446,11/20/13,18:24,Split Rock,Tucker Trawl,Pelagic,N,13
1447,11/20/13,18:24,Split Rock,Tucker Trawl,Pelagic,N,11
1448,11/20/13,18:24,Split Rock,Tucker Trawl,Pelagic,N,11
1449,11/20/13,18:24,Split Rock,Tucker Trawl,Pelagic,N,13
1450,11/20/13,18:24,Split Rock,Tucker Trawl,Pelagic,N,16
1451,11/20/13,18:24,Split Rock,Tucker Trawl,Pelagic,N,9
1452,11/20/13,18:24,Split Rock,Tucker Trawl,Pelagic,N,14
1453,11/20/13,18:24,Split Rock,Tucker Trawl,Pelagic,N,15
1454,11/20/13,18:24,Split Rock,Tucker Trawl,Pelagic,N,11
1455,11/20/13,18:24,Split Rock,Tucker Trawl,Pelagic,N,11
1456,11/20/13,18:24,Split Rock,Tucker Trawl,Pelagic,N,14
1457,11/20/13,18:24,Split Rock,Tucker Trawl,Pelagic,N,11
1458,11/20/13,18:24,Split Rock,Tucker Trawl,Pelagic,N,13
1459,11/20/13,18:24,Split Rock,Tucker Trawl,Pelagic,N,11
1460,11/20/13,18:24,Split Rock,Tucker Trawl,Pelagic,N,12
1461,11/20/13,18:24,Split Rock,Tucker Trawl,Pelagic,N,10
1462,11/20/13,18:24,Split Rock,Tucker Trawl,Pelagic,N,9
1463,11/20/13,18:24,Split Rock,Tucker Trawl,Pelagic,N,11
1464,11/20/13,18:24,Split Rock,Tucker Trawl,Pelagic,N,12
1465,11/20/13,18:24,Split Rock,Tucker Trawl,Pelagic,N,6
1466,11/20/13,18:24,Split Rock,Tucker Trawl,Pelagic,N,11
1467,11/20/13,18:24,Split Rock,Tucker Trawl,Pelagic,N,11
1468,11/20/13,18:24,Split Rock,Tucker Trawl,Pelagic,N,13
1469,11/20/13,18:24,Split Rock,Tucker Trawl,Pelagic,N,12
1470,11/20/13,18:24,Split Rock,Tucker Trawl,Pelagic,N,13
1471,11/20/13,18:24,Split Rock,Tucker Trawl,Pelagic,N,13
1472,11/20/13,18:24,Split Rock,Tucker Trawl,Pelagic,N,15
1473,11/20/13,18:24,Split Rock,Tucker Trawl,Pelagic,N,15
1474,11/20/13,18:24,Split Rock,Tucker Trawl,Pelagic,N,12
1475,11/20/13,18:24,Split Rock,Tucker Trawl,Pelagic,N,9
1476,11/20/13,18:24,Split Rock,Tucker Trawl,Pelagic,N,12
1477,11/20/13,18:24,Split Rock,Tucker Trawl,Pelagic,N,13
1478,11/20/13,18:24,Split Rock,Tucker Trawl,Pelagic,N,14
1479,11/20/13,18:24,Split Rock,Tucker Trawl,Pelagic,N,11
1480,11/20/13,18:24,Split Rock,Tucker Trawl,Pelagic,N,13
1481,11/20/13,18:24,Split Rock,Tucker Trawl,Pelagic,N,16
1482,11/20/13,18:24,Split Rock,Tucker Trawl,Pelagic,N,14
1483,11/20/13,18:24,Split Rock,Tucker Trawl,Pelagic,N,12
1484,11/20/13,18:24,Split Rock,Tucker Trawl,Pelagic,N,11
1485,11/20/13,18:24,Split Rock,Tucker Trawl,Pelagic,N,14
1486,11/20/13,18:24,Split Rock,Tucker Trawl,Pelagic,N,14
1487,11/20/13,18:24,Split Rock,Tucker Trawl,Pelagic,N,13
1488,11/20/13,18:24,Split Rock,Tucker Trawl,Pelagic,N,11
1489,11/20/13,18:24,Split Rock,Tucker Trawl,Pelagic,N,14
1490,11/20/13,18:24,Split Rock,Tucker Trawl,Pelagic,N,19
1491,11/20/13,18:24,Split Rock,Tucker Trawl,Pelagic,N,10
1492,11/20/13,18:24,Split Rock,Tucker Trawl,Pelagic,N,18
1493,11/20/13,18:24,Split Rock,Tucker Trawl,Pelagic,N,15
1494,11/20/13,18:24,Split Rock,Tucker Trawl,Pelagic,N,14
1495,11/20/13,18:24,Split Rock,Tucker Trawl,Pelagic,N,13
1496,11/20/13,18:24,Split Rock,Tucker Trawl,Pelagic,N,10
1497,11/20/13,18:24,Split Rock,Tucker Trawl,Pelagic,N,15
1498,11/20/13,18:24,Split Rock,Tucker Trawl,Pelagic,N,12
1499,11/20/13,18:24,Split Rock,Tucker Trawl,Pelagic,N,16
1500,11/20/13,18:24,Split Rock,Tucker Trawl,Pelagic,N,11
1501,11/20/13,22:18,Split Rock,Benthic Sled,Benthic,N,17
1502,11/20/13,22:18,Split Rock,Benthic Sled,Benthic,N,13
1503,11/20/13,22:18,Split Rock,Benthic Sled,Benthic,N,20
1504,11/20/13,22:18,Split Rock,Benthic Sled,Benthic,Y,15
1505,11/20/13,22:18,Split Rock,Benthic Sled,Benthic,Y,15
1506,11/20/13,22:18,Split Rock,Benthic Sled,Benthic,N,17
1507,11/20/13,22:18,Split Rock,Benthic Sled,Benthic,Y,20
1508,11/20/13,22:18,Split Rock,Benthic Sled,Benthic,Y,20
1509,11/20/13,22:18,Split Rock,Benthic Sled,Benthic,Y,18
1510,11/20/13,22:18,Split Rock,Benthic Sled,Benthic,Y,18
1511,11/20/13,22:18,Split Rock,Benthic Sled,Benthic,Y,21
1512,11/20/13,22:18,Split Rock,Benthic Sled,Benthic,Y,19
1513,11/20/13,22:18,Split Rock,Benthic Sled,Benthic,N,15
1514,11/20/13,22:18,Split Rock,Benthic Sled,Benthic,Y,21
1515,11/20/13,22:18,Split Rock,Benthic Sled,Benthic,N,15
1516,11/20/13,22:18,Split Rock,Benthic Sled,Benthic,Y,19
1517,11/20/13,22:18,Split Rock,Benthic Sled,Benthic,Y,20
1518,11/20/13,22:18,Split Rock,Benthic Sled,Benthic,N,17
1519,11/20/13,22:18,Split Rock,Benthic Sled,Benthic,N,19
1520,11/20/13,22:18,Split Rock,Benthic Sled,Benthic,Y,19
1521,11/20/13,22:18,Split Rock,Benthic Sled,Benthic,Y,19
1522,11/20/13,22:18,Split Rock,Benthic Sled,Benthic,N,13
1523,11/20/13,22:18,Split Rock,Benthic Sled,Benthic,N,18
1524,11/20/13,22:18,Split Rock,Benthic Sled,Benthic,Y,17
1525,11/20/13,22:18,Split Rock,Benthic Sled,Benthic,Y,16
1526,11/20/13,22:18,Split Rock,Benthic Sled,Benthic,Y,16
1527,11/20/13,22:18,Split Rock,Benthic Sled,Benthic,Y,20
1528,11/20/13,22:18,Split Rock,Benthic Sled,Benthic,Y,16
1529,11/20/13,22:18,Split Rock,Benthic Sled,Benthic,N,18
1530,11/20/13,22:18,Split Rock,Benthic Sled,Benthic,Y,19
1531,11/20/13,22:18,Split Rock,Benthic Sled,Benthic,Y,17
1532,11/20/13,22:18,Split Rock,Benthic Sled,Benthic,Y,15
1533,11/20/13,22:18,Split Rock,Benthic Sled,Benthic,N,10
1534,11/20/13,22:18,Split Rock,Benthic Sled,Benthic,Y,22
1535,11/20/13,22:18,Split Rock,Benthic Sled,Benthic,Y,18
1536,11/20/13,22:18,Split Rock,Benthic Sled,Benthic,Y,20
1537,11/20/13,22:18,Split Rock,Benthic Sled,Benthic,Y,21
1538,11/20/13,22:18,Split Rock,Benthic Sled,Benthic,Y,20
1539,11/20/13,22:18,Split Rock,Benthic Sled,Benthic,Y,16
1540,11/20/13,22:18,Split Rock,Benthic Sled,Benthic,N,16
1541,11/20/13,22:18,Split Rock,Benthic Sled,Benthic,Y,19
1542,11/20/13,22:18,Split Rock,Benthic Sled,Benthic,N,15
1543,11/20/13,22:18,Split Rock,Benthic Sled,Benthic,N,15
1544,11/20/13,22:18,Split Rock,Benthic Sled,Benthic,Y,15
1545,11/20/13,22:18,Split Rock,Benthic Sled,Benthic,Y,16
1546,11/20/13,22:18,Split Rock,Benthic Sled,Benthic,N,16
1547,11/20/13,22:18,Split Rock,Benthic Sled,Benthic,N,16
1548,11/20/13,22:18,Split Rock,Benthic Sled,Benthic,Y,21
1549,11/20/13,22:18,Split Rock,Benthic Sled,Benthic,N,18
1550,11/20/13,22:18,Split Rock,Benthic Sled,Benthic,N,16
1551,11/20/13,22:18,Split Rock,Benthic Sled,Benthic,N,17
1552,11/20/13,22:18,Split Rock,Benthic Sled,Benthic,N,12
1553,11/20/13,22:18,Split Rock,Benthic Sled,Benthic,N,13
1554,11/20/13,22:18,Split Rock,Benthic Sled,Benthic,N,17
1555,11/20/13,22:18,Split Rock,Benthic Sled,Benthic,Y,15
1556,11/20/13,22:18,Split Rock,Benthic Sled,Benthic,Y,19
1557,11/20/13,22:18,Split Rock,Benthic Sled,Benthic,Y,18
1558,11/20/13,22:18,Split Rock,Benthic Sled,Benthic,Y,11
1559,11/20/13,22:18,Split Rock,Benthic Sled,Benthic,N,19
1560,11/20/13,22:18,Split Rock,Benthic Sled,Benthic,N,13
1561,11/20/13,22:18,Split Rock,Benthic Sled,Benthic,Y,20
1562,11/20/13,22:18,Split Rock,Benthic Sled,Benthic,N,15
1563,11/20/13,22:18,Split Rock,Benthic Sled,Benthic,N,13
1564,11/20/13,22:18,Split Rock,Benthic Sled,Benthic,Y,21
1565,11/20/13,22:18,Split Rock,Benthic Sled,Benthic,Y,17
1566,11/20/13,22:18,Split Rock,Benthic Sled,Benthic,N,12
1567,11/20/13,22:18,Split Rock,Benthic Sled,Benthic,N,15
1568,11/20/13,22:18,Split Rock,Benthic Sled,Benthic,N,15
1569,11/20/13,22:18,Split Rock,Benthic Sled,Benthic,Y,16
1570,11/20/13,22:18,Split Rock,Benthic Sled,Benthic,N,12
1571,11/20/13,22:18,Split Rock,Benthic Sled,Benthic,Y,20
1572,11/20/13,22:18,Split Rock,Benthic Sled,Benthic,N,18
1573,11/20/13,22:18,Split Rock,Benthic Sled,Benthic,Y,16
1574,11/20/13,22:18,Split Rock,Benthic Sled,Benthic,Y,15
1575,11/20/13,22:18,Split Rock,Benthic Sled,Benthic,N,15
1576,11/20/13,22:18,Split Rock,Benthic Sled,Benthic,N,16
1577,11/20/13,22:18,Split Rock,Benthic Sled,Benthic,N,15
1578,11/20/13,22:18,Split Rock,Benthic Sled,Benthic,Y,22
1579,11/20/13,22:18,Split Rock,Benthic Sled,Benthic,Y,21
1580,11/20/13,22:18,Split Rock,Benthic Sled,Benthic,N,14
1581,11/20/13,22:18,Split Rock,Benthic Sled,Benthic,Y,19
1582,11/20/13,22:18,Split Rock,Benthic Sled,Benthic,N,16
1583,11/20/13,22:18,Split Rock,Benthic Sled,Benthic,N,6
1584,11/20/13,22:18,Split Rock,Benthic Sled,Benthic,Y,20
1585,11/20/13,22:18,Split Rock,Benthic Sled,Benthic,N,10
1586,11/20/13,22:18,Split Rock,Benthic Sled,Benthic,N,16
1587,11/20/13,22:18,Split Rock,Benthic Sled,Benthic,N,15
1588,11/20/13,22:18,Split Rock,Benthic Sled,Benthic,N,10
1589,11/20/13,22:18,Split Rock,Benthic Sled,Benthic,Y,17
1590,11/20/13,22:18,Split Rock,Benthic Sled,Benthic,N,10
1591,11/20/13,22:18,Split Rock,Benthic Sled,Benthic,N,11
1592,11/20/13,22:18,Split Rock,Benthic Sled,Benthic,Y,20
1593,11/20/13,22:18,Split Rock,Benthic Sled,Benthic,Y,17
1594,11/20/13,22:18,Split Rock,Benthic Sled,Benthic,N,13
1595,11/20/13,22:18,Split Rock,Benthic Sled,Benthic,N,9
1596,11/20/13,22:18,Split Rock,Benthic Sled,Benthic,N,14
1597,11/20/13,22:18,Split Rock,Benthic Sled,Benthic,Y,21
1598,11/20/13,22:18,Split Rock,Benthic Sled,Benthic,N,15
1599,11/20/13,22:18,Split Rock,Benthic Sled,Benthic,N,12
1600,11/20/13,22:18,Split Rock,Benthic Sled,Benthic,N,9
1601,duplicate sample of #273 for quality control of SI lab,,,,,,
1602,duplicate sample of #1522 for quality control of SI lab,,,,,,
1603,dulicate of sample 1441 for quality control of SI lab,,,,,,
1604,duplicate of sample 925 for quality control of si lab,,,,,,
1605,dulicate of sample 198 for quality control of si lab,,,,,,
1606,5/13/14,11:30,Center of Arnold Bay,Plankton net on surface,,juvenile,~4