"","rep","site","habitat","CN.11.04","CN.11.14","CN.11.19"
"11","1","MS","B",4.8,4.3,4
"12","2","MS","B",4.9,4.7,4.9
"13","3","MS","B",3.9,3.9,4
"14","4","MS","B",3.9,NA,4.3
"15","5","MS","B",5.7,NA,4.4
"16","6","MS","B",4.5,4.4,4.1
"17","7","MS","B",4.5,NA,4.4
"18","8","MS","B",4.5,4,4.9
"19","9","MS","B",4.5,4.3,4.4
"20","10","MS","B",5,3.5,3.9
"22","2","MS","P",4.8,3.7,4
"23","3","MS","P",4.3,4.4,4.6
"24","4","MS","P",4.2,3.9,3.8
"26","6","MS","P",3.5,4.7,3.6
"27","7","MS","P",3.9,4.2,3.7
"28","8","MS","P",3.9,3.6,3.8
"29","9","MS","P",3.6,4.6,4.4
"30","10","MS","P",4.2,3.8,NA
"31","1","SR","B",NA,5.3,3.7
"32","2","SR","B",NA,4.5,4.7
"33","3","SR","B",NA,5,4.5
"34","4","SR","B",NA,3.8,4.5
"35","5","SR","B",NA,5,4.8
"36","6","SR","B",NA,4.1,4.7
"37","7","SR","B",NA,4.5,4
"38","8","SR","B",NA,4.8,4.2
"39","9","SR","B",NA,3.8,3.6
"40","10","SR","B",NA,4.8,4.6
"41","1","SR","P",NA,3.8,4
"42","2","SR","P",NA,3.8,4
"43","3","SR","P",NA,3.8,4.3
"44","4","SR","P",NA,3.6,3.6
"45","5","SR","P",NA,3.7,3.7
"46","6","SR","P",NA,4,3.6
"47","7","SR","P",NA,3.9,3.6
"48","8","SR","P",NA,4.1,3.5
"49","9","SR","P",NA,3.6,4.1
"50","10","SR","P",NA,3.6,3.7
"51","1","CH","P",NA,4.2,3.7
"52","2","CH","P",NA,4.1,NA
"53","3","CH","P",NA,4.6,3.7
"54","4","CH","P",NA,4.2,3.7
"55","5","CH","P",NA,3.9,3.8
"56","6","CH","P",NA,3.6,3.5
"57","7","CH","P",NA,4.5,3.6
"58","8","CH","P",NA,3.9,3.5
"59","9","CH","P",NA,3.6,3.6
"60","10","CH","P",NA,4.2,4.2
"61","1","CH","B",NA,4.7,3.8
"62","2","CH","B",NA,4.3,3.6
"63","3","CH","B",NA,4,3.8
"64","4","CH","B",NA,4.2,3.8
"65","5","CH","B",NA,4.2,4
"66","6","CH","B",NA,3.7,3.7
"67","7","CH","B",NA,4.3,4.1
"68","8","CH","B",NA,4.8,3.7
"70","10","CH","B",NA,4,3.6
"71","1","MS","P",NA,4.1,4.2
"75","5","MS","P",NA,3.6,4
"119","9","CH","B",NA,NA,3.7
